sent1,sent2,label,strategy,positional_sensitivity
ğŸ‡ğŸ”®,bright future,1,0,3
ğŸ”†ğŸ”®,bright future,1,0,3
ğŸŒŸğŸ“,bright future,1,1,3
ğŸ˜ğŸ‘¨â€ğŸ”¬ğŸ‘©â€âš•ï¸ğŸ§‘â€ğŸ’»,bright future,1,2,1
â˜€ï¸ğŸ”®,bright future,1,0,3
ğŸ‘¨â€ğŸ”¬ğŸ‘©â€ğŸ“ğŸ‘¨â€âš•ï¸,bright future,1,2,1
â˜€ï¸ğŸŒ«ï¸,bright future,1,0,3
â³â©ğŸ‘ğŸ‘,bright future,1,1,4
ğŸ‡â˜€ï¸,bright sun,1,0,2
ğŸ”†â˜€ï¸,bright sun,1,0,2
ğŸŒŸğŸŒ¤ï¸ğŸŒ‡ğŸŒ…,bright sun,1,2,1
â˜€ï¸ğŸ”†,bright sun,1,0,2
âœ¨â˜€ï¸,bright sun,1,0,2
â˜€ï¸ğŸŒŸ,bright sun,1,0,2
â˜€ï¸â˜€ï¸,bright sun,1,3,1
â˜€ï¸â˜€ï¸,bright sun,1,3,1
ğŸ‡ğŸ‘—,bright dress,1,0,2
ğŸ”†ğŸ‘—,bright dress,1,0,2
âœ¨ğŸ‘—,bright dress,1,0,2
ğŸ”†ğŸ‘—ğŸ’ƒ,bright dress,1,0,1
â˜€ï¸ğŸ¨ğŸ‘—,bright dress,1,0,1
ğŸ‘—âœ¨,bright dress,1,0,2
â˜€ï¸ğŸ‘—,bright dress,1,0,2
ğŸ‘—âœ¨,bright dress,1,0,2
ğŸ‡ğŸ«,bright room,1,0,2
ğŸ”†ğŸš¹ğŸšº,bright room,1,0,2
âœ¨ğŸ ,bright room,1,0,2
ğŸ’¡ğŸ•¯ï¸ğŸ ,bright room,1,0,1
â˜€ï¸ğŸ«,bright room,1,0,2
ğŸ’¡ğŸ’’,bright room,1,0,2
â˜€ï¸,bright room,1,4,1
â˜€ï¸ğŸ«,bright room,1,0,2
ğŸ•¶ï¸ğŸ•´ï¸,dark shadow,1,1,2
âš«ğŸ‘¥,dark shadow,1,1,2
ğŸ•¶ï¸ğŸ•¶ï¸ğŸ‘¤,dark shadow,1,1,1
âŒğŸ’¡ğŸ§,dark shadow,1,1,3
ğŸŒ‘ğŸ‘¤,dark shadow,1,1,2
ğŸŒ‘,dark shadow,1,4,1
ğŸŒš,dark shadow,1,4,1
ğŸŒ‘ğŸš¹,dark shadow,1,1,2
ğŸ•¶ï¸ğŸŒ…,dark day,1,0,2
âš«ğŸ“†,dark day,1,0,2
ğŸŒªï¸ğŸŒ«ï¸ğŸŒ«ï¸,dark day,1,1,1
â›ˆï¸ğŸŒ«ï¸ğŸŒ‘,dark day,1,1,1
ğŸŒ‘ğŸ“†,dark day,1,0,2
ğŸ˜ˆğŸ‘£,dark day,1,1,3
ğŸŒ‘,dark day,1,4,1
ğŸŒ‘ğŸŒƒ,dark day,1,0,2
ğŸ•¶ï¸ğŸ¥›,dark glass,1,0,2
âš«ğŸ¥›,dark glass,1,0,2
ğŸ•¶ï¸ğŸ•¶ï¸,dark glass,1,3,1
ğŸ•¶ï¸,dark glass,1,4,1
ğŸŒ‘ğŸ·,dark glass,1,0,2
ğŸ‘¿,dark glass,1,4,1
ğŸŒƒ,dark glass,1,4,1
ğŸ•¶ï¸,dark glass,1,4,1
ğŸ•¶ï¸ğŸŒŠ,dark undercurrent,1,0,2
âš«ğŸŒŠ,dark undercurrent,1,0,2
âš«â›ˆï¸,dark undercurrent,1,0,2
ğŸŒ‘ğŸŒŠğŸ’¦,dark undercurrent,1,0,1
ğŸŒ‘ğŸ”ğŸŒŠ,dark undercurrent,1,0,3
ğŸ‘¿ğŸ˜±ğŸ˜¨,dark undercurrent,1,2,1
â™ ï¸ğŸ‘¿,dark undercurrent,1,1,1
ğŸ˜ˆğŸ“ˆ,dark undercurrent,1,1,3
ğŸ•¶ï¸ğŸ—³ï¸,dark corner,1,0,2
âš«ğŸ§±,dark corner,1,0,2
ğŸ”¦ğŸš«ğŸš«,dark corner,1,1,3
ğŸŒ‘âŒğŸ’¡,dark corner,1,1,3
ğŸŒ‘ğŸ«ğŸ¤«ãŠ™ï¸,dark corner,1,1,2
ğŸ˜¨ğŸ‘¹,dark corner,1,1,1
ğŸŒ‘ğŸªƒ,dark corner,1,0,2
ğŸ•¶ï¸ğŸ ,dark corner,1,0,2
ğŸ•¶ï¸ğŸ‘¿,dark purpose,1,1,2
âš«ğŸ˜ˆ,dark purpose,1,1,2
ğŸ˜ˆğŸ˜ˆğŸ˜ˆğŸ˜ˆ,dark purpose,1,3,1
ğŸŒ‘ğŸ˜µğŸ’€,dark purpose,1,1,3
ğŸ˜ˆâ“ğŸ¤·â€â™€ï¸,dark purpose,1,1,3
ğŸ‘¿ğŸ‘¹ğŸ‘ºğŸ˜,dark purpose,1,2,1
ğŸ‘¿ğŸ˜ˆ,dark purpose,1,3,1
ğŸŒ‘ğŸ˜ˆğŸ‘¹,dark purpose,1,1,1
ğŸ‘‰ğŸï¸,right bank,1,0,3
ğŸ‘‰ğŸ¦,right bank,1,0,3
â¡ï¸ğŸ¦ğŸ’°,right bank,1,0,3
âœ…ğŸ¦,right bank,1,0,3
âœ”ï¸ğŸ¦,right bank,1,0,3
ğŸ‘‰ğŸ¦,right bank,1,0,3
ğŸ‘ğŸ¦ğŸ’°ğŸ’°ğŸ’°,right bank,1,0,3
ğŸ‘ğŸ¦ğŸ’¸ğŸ’¹,right bank,1,0,3
âœ‹ğŸ‘‰,right hand,1,0,3
ğŸ‘‰ğŸ–ï¸,right hand,1,0,3
â¡ï¸ğŸ–ï¸,right hand,1,0,3
ğŸ‘‰ğŸ–ï¸,right hand,1,0,3
ğŸ‘‰ğŸ¤š,right hand,1,0,3
ğŸ‘‰ğŸ‘‹,right hand,1,0,3
ğŸ‘‰âœ”ï¸,right hand,1,1,3
ğŸ¤²ğŸ¤š,right hand,1,1,2
ğŸ‘‰,right side,1,4,1
ğŸ‘‰ğŸ‘‰,right side,1,3,1
â¡ï¸ğŸ’â€â™€ï¸,right side,1,2,3
ğŸ‘‰ğŸ§,right side,1,1,3
ğŸ‘‰,right side,1,4,1
ğŸ‘‰,right side,1,4,1
ğŸ‘¤ğŸ‘‰,right side,1,1,3
â¡ï¸ğŸ§‘â€ğŸ¤â€ğŸ§‘ğŸ‘ˆ,right side,1,1,4
âœ”ï¸,right decision,1,4,1
âœ”ï¸ğŸ’¡ğŸ‘©ğŸ‘,right decision,1,0,2
â¡ï¸ğŸ¤,right decision,1,0,3
âœ…ğŸ§ ,right decision,1,0,3
ğŸ‘,right decision,1,4,1
âœ…,right decision,1,4,1
ğŸ¤”ğŸ’­ğŸ’¡ğŸ“ˆ,right decision,1,1,4
ğŸ¤”âœ…,right decision,1,1,3
âœ”ï¸,right answer,1,4,1
âœ”ï¸ğŸ“„âœï¸,right answer,1,0,3
â¡ï¸âœï¸âœ…,right answer,1,0,4
âœ…ğŸ“,right answer,1,0,3
ğŸ’¯,right answer,1,4,1
âœ…,right answer,1,4,1
ğŸ¤”â“ğŸ“ğŸ’¡âœï¸âœ”ï¸,right answer,1,1,4
ğŸ™‹â€â™€ï¸ğŸ‘âœ…,right answer,1,1,3
âœ”ï¸ğŸ‘¨,right man,1,0,3
âœ”ï¸ğŸ‘¨ğŸ’•,right man,1,0,3
â¡ï¸ğŸ‘¨ğŸ‘Œ,right man,1,0,3
ğŸ‘ğŸ•´ï¸,right man,1,0,3
ğŸ‘ğŸ‘¨,right man,1,0,3
ğŸ‘‰ğŸ‘±ğŸ»â€â™‚ï¸,right man,1,0,3
ğŸ‘©ğŸ˜ğŸ‘¨âœ”ï¸,right man,1,1,5
ğŸ‘©â€â¤ï¸â€ğŸ’‹â€ğŸ‘¨ğŸ‘¨â€ğŸ‘©â€ğŸ‘¦â€ğŸ‘¦,right man,1,1,2
ğŸ‘‰ğŸ›£ï¸,right road,1,0,3
ğŸ‘‰ğŸ›£ï¸,right road,1,0,3
â¡ï¸ğŸ›£ï¸,right road,1,0,3
âœ…ğŸ›£ï¸,right road,1,0,3
âœ”ï¸ğŸ›£ï¸,right road,1,0,3
ğŸ‘‰ğŸ›£ï¸,right road,1,0,3
ğŸš—ğŸ›£ï¸âœ”ï¸,right road,1,0,3
ğŸ›£ï¸â†—ï¸,right road,1,1,3
âœ”ï¸,right thing,1,4,1
âœ”ï¸ğŸ‘,right thing,1,1,1
â¡ï¸ğŸ’¯,right thing,1,1,3
ğŸ‘âœ…,right thing,1,1,1
ğŸ‘,right thing,1,4,1
ğŸ’¯,right thing,1,4,1
ğŸ—£ï¸âœ”ï¸,right thing,1,1,3
ğŸ˜€ğŸ‘,right thing,1,1,2
ğŸ©³ğŸ–ï¸,short holiday,1,0,1
ğŸ¥²ğŸ¤âœˆï¸â›©ï¸,short holiday,1,1,3
â³ğŸ–ï¸âœˆï¸ğŸ§³,short holiday,1,0,3
âŒ›ğŸ–ï¸,short holiday,1,0,3
â†”ï¸ğŸï¸ğŸ¾ğŸ’†ğŸ§–ğŸ§˜,short holiday,1,1,3
ğŸ¤ğŸ–ï¸,short holiday,1,0,3
ğŸ¤ğŸ§³ğŸ›„,short holiday,1,1,3
ğŸ›«ğŸ›¬,short holiday,1,1,5
ğŸ©³ğŸš,short ration,1,0,2
ğŸ¤ğŸ ğŸğŸ¥š,short ration,1,0,3
ğŸ¤ğŸ¥”ğŸ ğŸš,short ration,1,0,3
âğŸ¥˜,short ration,1,0,3
â¬ğŸšğŸœ,short ration,1,0,3
ğŸ¤ğŸ,short ration,1,0,3
ğŸ¤ğŸŒ¾,short ration,1,0,3
ğŸ¤ğŸ¥”,short ration,1,0,3
ğŸ©³ğŸ‘©ğŸ»â€ğŸ¦°,short hair,1,0,1
ğŸ’‡â€â™€ï¸â¡ï¸ğŸ‘©â€ğŸ¦°,short hair,1,1,4
ğŸ’‡,short hair,1,4,1
ğŸ¤ğŸ¦±,short hair,1,0,3
ğŸ‘©â€ğŸ¦°ğŸ‘©â€ğŸ¦±ğŸ§‘â€ğŸ¦±,short hair,1,2,1
ğŸ’‡â€â™€ï¸,short hair,1,4,1
ğŸ¤ğŸ’‡â€â™€ï¸,short hair,1,0,3
ğŸ‘¨â€ğŸ¦±ğŸ‘©â€ğŸ¦±,short hair,1,2,1
ğŸ©³ğŸ›³ï¸ğŸ’¨,short smokestack,1,0,2
ğŸ¤ğŸ­,short smokestack,1,0,3
ğŸš¢ğŸ’¨,short smokestack,1,1,2
ğŸ¤ğŸ­,short smokestack,1,0,3
â™¨ï¸ğŸ«ğŸ’¨,short smokestack,1,1,2
ğŸ¤ğŸ”©âš™ï¸,short smokestack,1,1,2
ğŸ¤ğŸš¢,short smokestack,1,0,3
ğŸ¤ğŸš¬ğŸ“¦,short smokestack,1,0,2
ğŸ©³ğŸ”Œ,short supply,1,0,2
ğŸ¤ğŸ’¡âš¡,short supply,1,0,3
âŒâœï¸ğŸª“ğŸ”§,short supply,1,0,3
âğŸš°,short supply,1,0,3
â¬ğŸ§¥ğŸ‘šğŸ‘•ğŸ‘–,short supply,1,0,3
â€¼ï¸âš ï¸ğŸ,short supply,1,0,3
ğŸ›–âŒ,short supply,1,0,2
ğŸ¤ğŸ“¦,short supply,1,0,3
ğŸ©³ğŸ’µ,short money,1,0,2
ğŸ¤ğŸ’²,short money,1,0,3
âŒğŸ’°,short money,1,0,3
âğŸ’°,short money,1,0,3
ğŸ¤·ğŸ’¸ğŸ’¸ğŸ’¸,short money,1,1,2
ğŸ¤ğŸ’µ,short money,1,0,3
ğŸ’°ğŸ’¸ğŸ˜”,short money,1,1,2
ğŸ¤ğŸ’·,short money,1,0,3
ğŸ©³âœˆï¸,short flight,1,0,2
ğŸ¥²âœˆï¸,short flight,1,1,3
â³âœˆï¸,short flight,1,0,3
â³âœˆï¸,short flight,1,0,3
â³âœˆï¸ğŸ›«ğŸ›¬,short flight,1,0,3
ğŸ¤âœˆï¸,short flight,1,0,3
ğŸ›«ğŸ¤âŒ›ğŸ›¬,short flight,1,1,5
ğŸ›«ğŸ›¬,short flight,1,1,5
ğŸ©³ğŸ—“ï¸,short month,1,0,2
ğŸ¤ğŸ“…,short month,1,0,3
â³ğŸ—“ï¸,short month,1,0,3
âŒ›ğŸ—“ï¸,short month,1,0,3
â³ğŸ—“ï¸ğŸ“…,short month,1,0,3
ğŸ”œğŸ“…,short month,1,0,3
ğŸ¤âŒ›ğŸ—“ï¸,short month,1,0,3
âŒ›ğŸ“…,short month,1,0,3
ğŸ©³ğŸ“–,short story,1,0,2
ğŸ¤ğŸ“™ğŸ“–,short story,1,0,3
â³ğŸ“•,short story,1,0,3
âŒ›ğŸ“”,short story,1,0,3
âŒšğŸ“–,short story,1,0,3
ğŸ¤ğŸ—£ï¸,short story,1,0,3
ğŸ¤ğŸ—£ï¸ğŸ“–,short story,1,0,3
âŒ›ğŸ“–,short story,1,0,3
ğŸ©³ğŸ‘½,short life,1,0,2
ğŸ¤â˜ ï¸,short life,1,0,3
â³ğŸ•ğŸ‘©â€ğŸ¦³ğŸ§“,short life,1,1,3
ğŸ‘‹ğŸ˜€âŒ›,short life,1,1,4
â³ğŸ«€ğŸ’“,short life,1,1,3
ğŸ‘¨â€ğŸ‘©â€ğŸ‘§â€ğŸ‘§ğŸ‘‰ğŸ’€ğŸ‘¨â€ğŸ‘©â€ğŸ‘§,short life,1,1,4
ğŸ‘¶ğŸ§“âš°ï¸âŒ›ğŸ¤,short life,1,1,4
âŒ›âš°ï¸,short life,1,1,3
ğŸ‘ğŸ“,dirty job,1,0,3
ğŸ’©ğŸ§¹,dirty job,1,0,3
ğŸª ğŸš½ğŸ§¹,dirty job,1,1,1
ğŸ¦ ğŸ’£ğŸ¦¹â€â™‚ï¸ğŸ¦ ğŸ¦¹ğŸ’£ğŸ¦ ,dirty job,1,1,1
ğŸ¤®ğŸ¤¢ğŸ‘·â€â™‚ï¸,dirty job,1,0,3
ğŸ’©ğŸ’¼,dirty job,1,0,3
ğŸ¤¢ğŸ§³,dirty job,1,0,3
ğŸš½ğŸ‘·ğŸ› ï¸,dirty job,1,1,2
ğŸ‘ğŸ¦¶,dirty foot,1,0,3
ğŸ¤¢ğŸ¦¶,dirty foot,1,0,3
ğŸ¥µğŸ¦¶ğŸ’©,dirty foot,1,0,2
ğŸ§¼ğŸ¦¶,dirty foot,1,1,3
ğŸ¤®ğŸ¦¶,dirty foot,1,0,3
ğŸ’©ğŸ‘£,dirty foot,1,0,3
ğŸ˜–ğŸ¦¶,dirty foot,1,0,3
ğŸ‘ƒğŸ¦¶ğŸ¤¢,dirty foot,1,1,4
ğŸ‘ğŸŸ,dirty dish,1,0,3
ğŸ½ï¸ğŸª°,dirty dish,1,1,3
ğŸ½ï¸ğŸ˜°ğŸ‘,dirty dish,1,1,3
ğŸ§¼ğŸ½ï¸,dirty dish,1,1,3
ğŸ¤®ğŸ½ï¸,dirty dish,1,0,3
ğŸ’©ğŸ½ï¸,dirty dish,1,0,3
ğŸ¤®ğŸ½ï¸,dirty dish,1,0,3
ğŸ§¼ğŸ½ï¸ğŸ§«,dirty dish,1,1,2
ğŸ‘ğŸšï¸,dirty slum,1,0,3
ğŸª°ğŸ ,dirty slum,1,1,3
ğŸ¦ ğŸ›–ğŸ¦ ,dirty slum,1,0,3
ğŸ§¼ğŸ¦ ğŸšï¸,dirty slum,1,1,3
ğŸ¤®ğŸ›–,dirty slum,1,0,3
ğŸ’©ğŸ’¸ğŸ ,dirty slum,1,0,2
ğŸ¥´ğŸ§Ÿâ€â™‚ï¸,dirty slum,1,1,1
ğŸ˜£ğŸ”ğŸ’¸,dirty slum,1,1,3
ğŸ‘ğŸ“,dirty work,1,0,3
ğŸš”ğŸ“ƒ,dirty work,1,1,3
ğŸª ğŸš½ğŸ§¹ğŸ’°ğŸ‘µğŸ‘´,dirty work,1,1,4
ğŸ¦ ğŸ’¼,dirty work,1,1,3
ğŸ¤®ğŸ› ï¸,dirty work,1,0,3
ğŸ’©â›‘ï¸ğŸ’¼,dirty work,1,0,3
ğŸ˜’ğŸ§³,dirty work,1,0,3
ğŸš½ğŸ‘·ğŸ› ï¸,dirty work,1,1,2
ğŸ‘ğŸ’°,dirty money,1,0,3
ğŸ¤‘ğŸ’¸ğŸ¦¹,dirty money,1,1,3
ğŸ˜ˆğŸ’µğŸ’µğŸš«ğŸ‘‰ğŸ‘®,dirty money,1,1,5
ğŸ¦ ğŸ¤ğŸ¤‘ğŸ’¸ğŸ¦ ,dirty money,1,1,4
ğŸ¤®ğŸ’µ,dirty money,1,0,3
ğŸ’©ğŸ’µğŸ’°,dirty money,1,0,3
ğŸ˜’ğŸ’°,dirty money,1,1,2
ğŸš“ğŸ›‘ğŸ’µğŸ’µğŸ’µ,dirty money,1,1,4
ğŸ‘ğŸ§¥,dirty overall,1,1,3
ğŸ¤¢ğŸ¤®ğŸ˜’,dirty overall,1,2,1
ğŸ˜µâ€ğŸ’«ğŸ˜–ğŸ‘‰ğŸ›,dirty overall,1,1,4
ğŸ§¼ğŸ‘•,dirty overall,1,1,3
ğŸ¤®ğŸ‘—ğŸ‘š,dirty overall,1,0,3
ğŸ’©ğŸ‘˜,dirty overall,1,0,3
ğŸ§â€â™‚ï¸ğŸ¤¢,dirty overall,1,0,3
ğŸ’©ğŸ‘–,dirty overall,1,0,3
ğŸ‘ğŸ¥Š,dirty fighter,1,0,3
ğŸ¤¬ğŸ˜¡,dirty fighter,1,1,1
âŒâš–ï¸ğŸ’ªğŸ‘¨â€ğŸ¦²ğŸ’¢,dirty fighter,1,1,2
ğŸ¤¬ğŸ¤¼â€â™‚ï¸,dirty fighter,1,0,3
ğŸ¤®ğŸ¥‹,dirty fighter,1,0,3
ğŸ’©ğŸ‘ŠğŸ¥Š,dirty fighter,1,0,3
ğŸ˜‘ğŸ˜’ğŸ¥Š,dirty fighter,1,1,2
ğŸ‘¿ğŸ‘ŠğŸ¥ŠğŸ¤¼,dirty fighter,1,1,3
ğŸ–¥ï¸,common procedure,1,4,1
ğŸ˜¬ğŸ“‹1ï¸âƒ£2ï¸âƒ£3ï¸âƒ£,common procedure,1,1,3
ğŸ‘¥ğŸ”ƒ,common procedure,1,0,3
â–¶ï¸ğŸªœ,common procedure,1,1,3
ğŸ¤²âœï¸,common procedure,1,1,2
ğŸª›ğŸ”§ğŸ¤,common procedure,1,1,2
ğŸ‘¥ğŸ’‰ğŸ©ºğŸ©¹ğŸ©¸ğŸ§‘â€âš•ï¸ğŸ‘¥,common procedure,1,1,1
ğŸ”„ğŸ§‘â€âš•ï¸ğŸ’‰,common procedure,1,1,3
ğŸ§ğŸ§ ,common knowledge,1,1,3
ğŸ§ ğŸ¤”ğŸ˜’,common knowledge,1,1,3
ğŸ‘¥ğŸ“š,common knowledge,1,0,3
â–¶ï¸ğŸ§ ,common knowledge,1,0,3
ğŸ¤²ğŸ§ ,common knowledge,1,0,2
ğŸ¥¸ğŸ‘«ğŸ¤²,common knowledge,1,1,2
ğŸ‘¥ğŸ“šğŸ“–ğŸ‘¥,common knowledge,1,1,1
ğŸ§ ğŸ§ ğŸŒ,common knowledge,1,0,1
ğŸï¸,common land,1,4,1
ğŸŒ†ğŸ™ï¸ğŸŒ‰ğŸï¸,common land,1,2,1
ğŸ‘¥â›°ï¸,common land,1,0,3
â–¶ï¸ğŸ§±,common land,1,1,3
ğŸ¤²ğŸŒ†,common land,1,0,2
ğŸ¤ğŸï¸,common land,1,0,3
ğŸ‘¥ğŸï¸ğŸ™ŒğŸ‘¥,common land,1,0,2
ğŸŒğŸ‡¦ğŸ‡½ğŸ‡®ğŸ‡´ğŸ‡»ğŸ‡¬ğŸ‡§ğŸ‡¶ğŸ‡§ğŸ‡¶ğŸ‡°ğŸ‡¾,common land,1,2,1
ğŸ¤¬,common nuisance,1,4,1
ğŸ˜’ğŸ˜’,common nuisance,1,3,1
ğŸ‘¥ğŸ˜©,common nuisance,1,0,3
ğŸ¤’ğŸ¤•,common nuisance,1,2,1
ğŸ¤²ğŸ™…â€â™‚ï¸,common nuisance,1,0,3
ğŸ˜’ğŸ’¢ğŸ™â€â™‚ï¸,common nuisance,1,2,1
ğŸ‘¥ğŸª°ğŸª³ğŸ•·ï¸ğŸ‘¥,common nuisance,1,1,1
ğŸ˜ğŸ˜ğŸ”„,common nuisance,1,1,2
â›µğŸ‘¨ğŸ»âš“,common sailor,1,1,2
ğŸš¢âš“ğŸ‘¬,common sailor,1,1,2
ğŸ‘¥ğŸ‘±â€â™‚ï¸â›µ,common sailor,1,0,2
â–¶ï¸â›µ,common sailor,1,1,3
ğŸ¤²â›µğŸ‘¨,common sailor,1,0,2
ğŸš¤ğŸ‘¦,common sailor,1,1,2
ğŸ‘¨â€âœˆï¸âš“,common sailor,1,1,2
ğŸ§‘â€âœˆï¸ğŸš¤,common sailor,1,1,2
ğŸª°,common housefly,1,4,1
ğŸª°ğŸ˜,common housefly,1,0,2
ğŸ‘¥ğŸª°,common housefly,1,0,3
ğŸ˜ï¸ğŸ˜ï¸ğŸ˜ï¸ğŸª°ğŸª°ğŸª°ğŸª°ğŸª°,common housefly,1,3,1
ğŸ¤²ğŸª°,common housefly,1,0,2
ğŸª°,common housefly,1,4,1
ğŸ‘¥ğŸ‘¥ğŸª°,common housefly,1,0,3
ğŸ ğŸª°,common housefly,1,0,3
ğŸ‘¨ğŸ»,common man,1,4,1
ğŸ§ğŸ§ğŸ¤·,common man,1,1,1
ğŸ‘¥ğŸ§â€â™‚ï¸,common man,1,1,3
â–¶ï¸ğŸ‘¦ğŸ‘¦ğŸ‘¦,common man,1,1,3
ğŸ¤²ğŸ‘¨,common man,1,0,2
ğŸ‘¨,common man,1,4,1
ğŸ‘¨ğŸ‘¨ğŸ‘¨ğŸ‘¨,common man,1,3,1
ğŸ‘¨ğŸ§‘â€ğŸ¦±ğŸ‘¨â€ğŸ¦±,common man,1,2,1
ğŸ‘©â€ğŸ’¼ğŸ—£ï¸ğŸ’¼,common parlance,1,1,2
ğŸ—£ï¸âœ…ğŸ†—,common parlance,1,1,3
ğŸ‘¥ğŸ—£ï¸,common parlance,1,0,3
â–¶ï¸ğŸ—£ï¸,common parlance,1,1,3
ğŸ¤²ğŸ¤,common parlance,1,1,2
ğŸ‘ğŸ‘¦ğŸ§‘â€ğŸ¦±,common parlance,1,1,1
ğŸ—£ï¸â†”ï¸ğŸ—£ï¸,common parlance,1,1,2
ğŸ““ğŸ“”ğŸ’¬ğŸ’­,common parlance,1,1,1
ğŸ‘œ,common brand,1,4,1
ğŸ‘“ğŸ‘ğŸ‘—ğŸ‘”Â©ï¸,common brand,1,0,1
ğŸ‘¥ğŸ’ğŸ»â€â™€ï¸ğŸ‘œ,common brand,1,1,1
â–¶ï¸ğŸ›’ğŸ‘›,common brand,1,1,3
ğŸ¤²ğŸ“±,common brand,1,1,2
â†˜ï¸â†™ï¸,common brand,1,1,1
ğŸ‘¥ğŸ§³ğŸ‘›ğŸ’¼ğŸ’ğŸ‘œğŸ‘¥,common brand,1,1,1
ğŸ›ï¸ğŸ›ï¸ğŸ”„,common brand,1,1,2
ğŸ¤˜,heavy metal,1,4,1
ğŸ‹ï¸âš™ï¸,heavy metal,1,0,3
âš–ï¸ğŸ”—,heavy metal,1,1,1
ğŸ‹ğŸ»ğŸ› ï¸âš“ğŸ”—ğŸ”©âš”ï¸,heavy metal,1,0,1
âš’ï¸â›“ï¸,heavy metal,1,2,1
ğŸ˜“ğŸª¨,heavy metal,1,1,3
âš–ï¸âš™ï¸,heavy metal,1,1,1
ğŸ“¦ğŸ“¦ğŸ“¦ğŸ“¦ğŸ“¦ğŸ“¦ğŸ“¦ğŸ“¦ğŸ“¦âœ–ï¸ğŸ’¯,heavy load,1,3,1
ğŸ‹ï¸ğŸ’,heavy load,1,0,3
ğŸ‹ï¸â€â™‚ï¸ğŸ“¦,heavy load,1,0,3
ğŸ‹ğŸ»ğŸšœğŸ§³,heavy load,1,0,1
ğŸ’¥ğŸ‹ï¸,heavy load,1,1,3
ğŸ˜“ğŸ“¦,heavy load,1,1,3
ğŸ’ªğŸ‘›,heavy load,1,1,3
ğŸŒ«ï¸ğŸŒâœ–ï¸ğŸ’¯,heavy fog,1,1,3
ğŸŒ«ï¸ğŸŒ«ï¸,heavy fog,1,3,1
ğŸ‹ï¸â€â™‚ï¸ğŸŒ«ï¸,heavy fog,1,0,3
ğŸŒ«ï¸ğŸ˜¶â€ğŸŒ«ï¸,heavy fog,1,1,3
ğŸŒ«ï¸ğŸ¤¨,heavy fog,1,1,3
ğŸ˜“ğŸ˜¶â€ğŸŒ«ï¸,heavy fog,1,1,3
ğŸŒ«ï¸ğŸ’¨,heavy fog,1,1,1
ğŸ”ğŸŒ­ğŸŒ®ğŸ˜Š,ample food,1,1,2
ğŸ‘©â€ğŸ‘©â€ğŸ‘§â€ğŸ‘§ğŸ‘¨â€ğŸ‘¨â€ğŸ‘§â€ğŸ‘§ğŸ‘¨â€ğŸ‘©â€ğŸ‘§â€ğŸ‘§ğŸ½ï¸ğŸ’¯,ample food,1,1,2
ğŸ™ğŸšğŸ˜ğŸœ,ample food,1,2,1
ğŸ¥–ğŸ¥ğŸ¥«ğŸ›ğŸ²,ample food,1,2,1
ğŸ‘ŒğŸ»ğŸ½ï¸ğŸ,ample food,1,1,2
ğŸğŸğŸğŸŠğŸ¥”ğŸ ğŸ¥ğŸ¥¯ğŸğŸ«“ğŸ‘ğŸ¥¥ğŸ¥,ample food,1,2,1
ğŸ”ğŸŒ­ğŸŒ®ğŸŒ¯ğŸ¥ªğŸ•,ample food,1,2,1
ğŸ‘ğŸ˜‹,ample food,1,1,3
ğŸ˜ŠğŸ“ˆ,ample supply,1,1,3
ğŸ‘©â€ğŸ‘©â€ğŸ‘§â€ğŸ‘§ğŸ‘¨â€ğŸ‘¨â€ğŸ‘§â€ğŸ‘§ğŸ‘¨â€ğŸ‘©â€ğŸ‘§â€ğŸ‘§ğŸ“ˆ,ample supply,1,1,2
ğŸ“‰ğŸ“‹âœ…,ample supply,1,1,4
ğŸ½ï¸âœ…,ample supply,1,1,3
ğŸ‘ŒğŸ»ğŸ”’,ample supply,1,1,3
ğŸğŸŒğŸ¥ğŸŒ®ğŸ¥ªğŸ¥¨ğŸ§€ğŸ¥šğŸ¥ğŸ¥¬ğŸŒ¶ï¸ğŸ¢ğŸ§‹ğŸŒ°ğŸªğŸ‚ğŸ¥‚ğŸ¨,ample supply,1,2,1
ğŸ™†ğŸ»â€â™€ï¸ğŸ“¦,ample supply,1,0,3
ğŸ‘ğŸ“ˆ,ample supply,1,1,3
ğŸ˜Š,ample waistline,1,4,1
ğŸ¤°ğŸ“ˆ,ample waistline,1,1,3
ğŸ“ğŸ‘–,ample waistline,1,1,3
ğŸ´ğŸ´ğŸğŸ…,ample waistline,1,1,4
ğŸ¤ŒğŸ»ğŸ‘—,ample waistline,1,1,3
ğŸ’¸ğŸ¦ğŸ’µğŸª™ğŸ’°ğŸ’¹ğŸ§ğŸ’²ğŸ’³ğŸ¤‘,ample waistline,1,1,1
ğŸ™†ğŸ»â€â™€ï¸ğŸ©³,ample waistline,1,0,3
ğŸ‘ğŸ¤°,ample waistline,1,1,3
ğŸ¤¯ğŸ¤©,remarkable sight,1,0,1
ğŸ¤©ğŸ¤¯ğŸ†,remarkable sight,1,1,2
ğŸ˜²ğŸ’¯ğŸ¥°ğŸ‘€,remarkable sight,1,0,1
ğŸï¸ğŸ‘€âœ…,remarkable sight,1,0,3
ğŸ¤©ğŸï¸,remarkable sight,1,0,3
ğŸ‘€ğŸ‘,remarkable sight,1,0,3
ğŸ¤©,remarkable sight,1,4,1
ğŸ‘€ğŸ–¼ï¸,remarkable sight,1,0,3
ğŸ˜‘ğŸ¥±,dull mood,1,2,1
ğŸ˜•ğŸ˜‘ğŸ˜¶,dull mood,1,2,1
ğŸ˜‘ğŸ¥±,dull mood,1,2,1
ğŸ¥±ğŸ˜’,dull mood,1,2,1
ğŸ¥±ğŸ˜’,dull mood,1,2,1
ğŸ‘ğŸ˜¤,dull mood,1,0,3
ğŸ˜”ğŸ˜ª,dull mood,1,2,1
ğŸ˜“,dull mood,1,4,1
ğŸ˜‘ğŸ¥±âš½,dull play,1,0,3
ğŸ˜‘:pinata:ğŸ§¸,dull play,1,0,3
ğŸ¥±ğŸ­,dull play,1,0,3
ğŸ¥±ğŸ­,dull play,1,0,3
ğŸ˜’âš½,dull play,1,0,3
ğŸ‘ğŸ€,dull play,1,0,3
ğŸ˜ªğŸ®,dull play,1,0,3
ğŸ­ğŸ˜•,dull play,1,0,3
ğŸ˜‘ğŸ¥±ğŸŒ«ï¸,dull sky,1,0,3
ğŸŒ¥ï¸ğŸŒ§ï¸ğŸªŸ,dull sky,1,1,1
ğŸŒ«ï¸,dull sky,1,4,1
ğŸŒ‘ğŸŒƒ,dull sky,1,1,1
ğŸ˜’ğŸŒ«ï¸,dull sky,1,0,3
â–ªï¸â›ˆï¸,dull sky,1,1,3
ğŸŒ©ï¸ğŸŒ«ï¸,dull sky,1,1,1
ğŸŒ«ï¸,dull sky,1,4,1
ğŸŒ«ï¸ğŸ¥ˆ,dull silver,1,0,3
ğŸŒ«ï¸ğŸ´ğŸ¥„,dull silver,1,0,3
ğŸ’âŒğŸŒŸ,dull silver,1,0,4
ğŸŒ‘ğŸ¥ˆ,dull silver,1,0,3
ğŸ¥ˆâš™ï¸ğŸŒ‘,dull silver,1,0,2
â–ªï¸ğŸ’,dull silver,1,0,3
ğŸ¥ˆğŸ˜”,dull silver,1,1,3
ğŸŒ«ï¸ğŸª™,dull silver,1,0,3
ğŸ˜‘ğŸ¥±ğŸ“†,dull day,1,0,3
ğŸŒ¥ï¸ğŸ™ï¸,dull day,1,1,1
ğŸ˜‘ğŸ“…,dull day,1,0,3
ğŸŒ‘ğŸŒš,dull day,1,1,1
ğŸŒ«ï¸ğŸŒ¥ï¸,dull day,1,1,1
ğŸ‘ğŸ•¦,dull day,1,1,3
ğŸ˜¥ğŸ˜Ÿ,dull day,1,2,1
ğŸŒ«ï¸,dull day,1,4,1
ğŸŒ«ï¸ğŸŒŸ,dull glow,1,0,3
ğŸŒ«ï¸ğŸ’¡,dull glow,1,0,3
ğŸ’¡âŒğŸŒŸ,dull glow,1,0,4
ğŸŒ‘ğŸŒŸ,dull glow,1,0,3
ğŸ’¡ğŸ•¶ï¸ğŸ˜’,dull glow,1,1,3
ğŸ‘ğŸŒŸ,dull glow,1,0,3
âŒğŸ’¡ğŸ•¯ï¸,dull glow,1,0,3
ğŸŒ«ï¸â­,dull glow,1,0,3
ğŸ˜ŠğŸ›ï¸,cozy nook,1,1,3
ğŸ˜Œâ˜ºï¸â˜€ï¸ğŸŒ„,cozy nook,1,1,1
ğŸ›‹ï¸ğŸ¥°,cozy nook,1,1,3
ğŸ¥°ğŸ›‹ï¸,cozy nook,1,1,3
ğŸ›‹ï¸â˜•ğŸ˜Œ,cozy nook,1,1,2
ğŸ˜„,cozy nook,1,4,1
ğŸğŸ‚ğŸ”¥,cozy nook,1,1,1
ğŸ˜´ğŸ›‹ï¸,cozy nook,1,1,3
ğŸ˜ŠğŸ ,cozy room,1,0,3
ğŸ˜ŒğŸ ğŸ¡ğŸªŸ,cozy room,1,0,3
ğŸ›ï¸ğŸ¥°,cozy room,1,1,3
ğŸ¥°ğŸšª,cozy room,1,1,3
ğŸ›‹ï¸â˜•ğŸ–¥ï¸,cozy room,1,1,1
ğŸ˜„ğŸ›Œ,cozy room,1,1,3
ğŸ›ï¸ğŸ›‹ï¸:zzz:ğŸ•¯ï¸,cozy room,1,1,1
ğŸ˜´ğŸ›‹ï¸,cozy room,1,1,3
â†˜ï¸ğŸ”ï¸,low hill,1,0,3
ğŸ‘‡â›°ï¸,low hill,1,0,3
â¬‡ï¸ğŸ”ï¸ğŸ”ï¸,low hill,1,0,3
â†˜ï¸ğŸ”ï¸,low hill,1,0,3
ğŸ”ï¸â¬‡ï¸,low hill,1,0,3
ğŸ”ï¸,low hill,1,4,1
â¬‡ï¸ğŸ”ï¸,low hill,1,0,3
ğŸ”»ğŸ—»,low hill,1,0,3
â†˜ï¸â˜€ï¸,low sun,1,0,3
ğŸ‘‡ğŸŒ,low sun,1,0,3
ğŸŒ…ğŸŒ…ğŸŒ…,low sun,1,3,1
â†˜ï¸â˜€ï¸ğŸŒğŸŒ¥ï¸ğŸ”…,low sun,1,1,3
â¬‡ï¸ğŸ”…,low sun,1,0,3
ğŸ’§ğŸ§Šâ„ï¸,low sun,1,1,1
ğŸ“‰â˜€ï¸,low sun,1,0,3
ğŸ”»â˜€ï¸,low sun,1,0,3
â†˜ï¸ğŸ“‰,low supply,1,1,1
ğŸ“‰ğŸ“¦,low supply,1,0,3
ğŸ™…â€â™€ï¸ğŸ™…â€â™€ï¸ğŸ™…â€â™€ï¸,low supply,1,3,1
â†˜ï¸ğŸ‘ğŸ™ğŸ˜¦,low supply,1,1,3
â¬‡ï¸ğŸ“‰,low supply,1,1,1
ğŸ˜±ğŸ›ï¸ğŸ›’,low supply,1,1,3
â¬‡ï¸0ï¸âƒ£,low supply,1,1,3
ğŸ”»ğŸ“¦,low supply,1,0,3
â†˜ï¸â˜ï¸,low cloud,1,0,3
ğŸ‘‡â˜ï¸,low cloud,1,0,3
â˜ï¸ğŸŒ,low cloud,1,1,1
â†˜ï¸ğŸŒ«ï¸,low cloud,1,0,3
â¬‡ï¸â˜ï¸,low cloud,1,0,3
â˜ï¸ğŸŒ¥ï¸,low cloud,1,1,1
âŒâ˜ï¸,low cloud,1,0,2
ğŸ”»â˜ï¸,low cloud,1,0,3
â†˜ï¸ğŸ ,low ceiling,1,0,3
ğŸ‘‡ğŸ ,low ceiling,1,0,3
ğŸ“‰ğŸ“‰,low ceiling,1,3,1
â†˜ï¸ğŸ˜ï¸,low ceiling,1,0,3
â¬‡ï¸ğŸ”,low ceiling,1,0,4
ğŸ¦,low ceiling,1,4,1
ğŸ ğŸ’¥,low ceiling,1,0,3
ğŸ”»ğŸ¢,low ceiling,1,0,3
â†˜ï¸ğŸ™‡â€â™€ï¸,low bow,1,0,3
ğŸ€ğŸ‘‡,low bow,1,1,3
ğŸ™‡â€â™€ï¸ğŸ™‡ğŸ™‡â€â™‚ï¸,low bow,1,2,1
â†˜ï¸ğŸ™‡ğŸ™‡â€â™€ï¸ğŸ™‡â€â™‚ï¸,low bow,1,0,3
â¬‡ï¸ğŸ™‡â€â™‚ï¸,low bow,1,0,3
ğŸ™‡â€â™€ï¸,low bow,1,4,1
ğŸ™‡â€â™€ï¸ğŸ™‡â€â™‚ï¸,low bow,1,2,1
ğŸ”»ğŸ™‡ğŸ»â€â™€ï¸,low bow,1,0,3
â†˜ï¸ğŸï¸,low reservoir,1,0,3
ğŸï¸â¬‡ï¸,low reservoir,1,0,3
ğŸ’¦ğŸš«ğŸš«,low reservoir,1,1,3
â†˜ï¸ğŸ—»,low reservoir,1,0,3
â¬‡ï¸ğŸš£â€â™€ï¸ğŸŒŠ,low reservoir,1,0,3
ğŸï¸ğŸŠ,low reservoir,1,1,2
ğŸŒ›â†˜ï¸,low reservoir,1,1,3
ğŸ”»ğŸï¸,low reservoir,1,0,3
â†˜ï¸ğŸ·ï¸,low price,1,0,3
ğŸ“‰ğŸ’°ğŸ’°,low price,1,0,3
ğŸ¤‘ğŸ¤‘ğŸ¤‘ğŸ§§,low price,1,1,1
â†˜ï¸ğŸ’²ğŸ’¸,low price,1,0,3
â¬‡ï¸ğŸ·ï¸ğŸ’²,low price,1,0,3
ğŸ’²ğŸ¤‘ğŸ¤‘,low price,1,1,1
â¬‡ï¸ğŸ’²,low price,1,0,3
ğŸ”»ğŸ·ï¸,low price,1,0,3
â†˜ï¸ğŸ›‹ï¸,low furniture,1,0,3
ğŸ”»ğŸª‘ğŸ›‹ï¸,low furniture,1,0,3
ğŸª‘ğŸª‘â¬‡ï¸,low furniture,1,0,3
â†˜ï¸ğŸ’ºğŸ›ï¸,low furniture,1,0,3
â¬‡ï¸ğŸª‘,low furniture,1,0,3
ğŸ›‹ï¸,low furniture,1,4,1
âŒğŸ›ï¸,low furniture,1,0,2
ğŸ”»ğŸ›‹ï¸,low furniture,1,0,3
ğŸ˜·ğŸ¤’ğŸ¤•,critical illness,1,2,1
â˜ ï¸ğŸ¤§,critical illness,1,0,3
ğŸ¤•ğŸ§‘â€âš•ï¸ğŸ’ŠğŸ˜·ğŸ¦ ğŸª¦,critical illness,1,1,4
ğŸ¤®ğŸ‘¨â€âš•ï¸,critical illness,1,1,3
ğŸ¤’ğŸš¨,critical illness,1,0,3
ğŸ¤’â€¼ï¸,critical illness,1,0,3
ğŸ¤¢ğŸ¤¢,critical illness,1,3,1
ğŸ¤®ğŸ¤’ğŸŒ¡ï¸ğŸŒ¡ï¸,critical illness,1,1,1
âš–ï¸âš ï¸âš ï¸,critical mass,1,0,3
â—âš–ï¸ğŸ˜,critical mass,1,0,3
âš–ï¸ğŸ‘©â€âš–ï¸ğŸ‘¨â€âš–ï¸,critical mass,1,1,2
â€¼ï¸âš–ï¸,critical mass,1,0,3
ğŸš¨ğŸ‹ï¸â€â™€ï¸,critical mass,1,1,3
ğŸ¤âš›ï¸â—,critical mass,1,0,4
ğŸ’¹ğŸ’¹,critical mass,1,3,1
âš–ï¸â—â—â—,critical mass,1,0,3
ğŸ—ï¸ğŸ“ˆ,critical stage,1,0,3
âœ”ï¸ğŸ‘âŒâ˜ ï¸,critical stage,1,1,4
ğŸ¥,critical stage,1,4,1
â€¼ï¸ğŸ‘£,critical stage,1,1,3
ğŸš¨ğŸ¤,critical stage,1,1,3
ğŸ“ˆâ—,critical stage,1,0,3
ğŸ˜°ğŸ˜°,critical stage,1,3,1
ğŸ“ˆğŸ“‰â—â—,critical stage,1,0,3
ğŸŒ¡ï¸âš ï¸,critical temperature,1,0,3
â—ğŸŒ¡ï¸,critical temperature,1,0,3
ğŸ¤’ğŸ¥,critical temperature,1,1,3
â™¨ï¸ğŸ¤•,critical temperature,1,1,3
ğŸš¨ğŸŒ¡ï¸,critical temperature,1,0,3
ğŸŒ¡ï¸â—,critical temperature,1,0,3
ğŸŒ¡ï¸ğŸ˜¯,critical temperature,1,1,3
â—â—ğŸŒ¡ï¸ğŸŒ¡ï¸ğŸŒ¡ï¸,critical temperature,1,0,3
âŒâ“âš ï¸âš ï¸,critical shortage,1,1,2
âŒğŸâ˜ ï¸,critical shortage,1,0,4
âŒğŸ±âŒğŸ¼,critical shortage,1,1,1
â€¼ï¸ğŸ¦ğŸ¦‘ğŸğŸ¥,critical shortage,1,1,2
ğŸš¨ğŸ“‰,critical shortage,1,0,3
â—ğŸ¥‘ğŸğŸ§€ğŸšâ—ğŸ˜¥,critical shortage,1,1,2
ğŸ¤ğŸ,critical shortage,1,1,3
âŒ›âŒğŸ§º,critical shortage,1,1,4
ğŸ—ï¸âš ï¸âš ï¸,critical element,1,1,3
ğŸ”¥ğŸ’§â„ï¸âš¡ğŸ‰,critical element,1,1,1
â—ğŸš¶,critical element,1,0,3
â€¼ï¸â›‘ï¸,critical element,1,0,3
ğŸš¨ğŸš¨,critical element,1,3,1
âš›ï¸ğŸ§«â€¼ï¸,critical element,1,0,3
ğŸ‰ğŸ†˜,critical element,1,2,1
ğŸ‘©â€ğŸ”¬â—,critical element,1,1,3
ğŸ²ğŸ²ğŸ‘,thick soup,1,1,2
ğŸ²ğŸ²ğŸ²,thick soup,1,3,1
ğŸ¥«ğŸ¦,thick soup,1,1,1
ğŸ’¦ğŸ¥£,thick soup,1,1,2
ğŸ™ŒğŸ²,thick soup,1,1,2
ğŸ«•ğŸ«•ğŸ«•,thick soup,1,3,1
ğŸ“ğŸ¥£,thick soup,1,1,3
ğŸ¥£,thick soup,1,4,1
ğŸŒ‹ğŸ’¨,thick smoke,1,1,3
ğŸ’¨ğŸ’¨ğŸ’¨ğŸ˜¤ğŸŒ‹ğŸš¬ğŸ˜¤,thick smoke,1,1,1
ğŸ’¨ğŸ‘ï¸âŒ,thick smoke,1,1,4
ğŸ’¨ğŸš¬,thick smoke,1,1,1
ğŸŒ‹ğŸŒ‹ğŸŒ‹ğŸ˜·,thick smoke,1,1,3
ğŸ’¨ğŸ’¨ğŸŒ«ï¸ğŸŒ«ï¸,thick smoke,1,2,1
ğŸ”¥ğŸ’¨ğŸ’¨ğŸ’¨ğŸ’¨,thick smoke,1,1,3
ğŸ’¨,thick smoke,1,4,1
ğŸ¦ğŸ¦ğŸ¦,thick cream,1,3,1
ğŸ¨ğŸ¦,thick cream,1,2,1
ğŸ¦ğŸ¥«ğŸ¦ğŸ¦ğŸ¦ğŸ¦,thick cream,1,2,1
ğŸ§,thick cream,1,4,1
ğŸ§´ğŸ’ª,thick cream,1,1,3
ğŸ¶ğŸ¶,thick cream,1,3,1
ğŸ“ğŸ¦ğŸ¦,thick cream,1,1,3
ğŸ¦,thick cream,1,4,1
ğŸŒ«ï¸ğŸŒ«ï¸ğŸŒ«ï¸,thick fog,1,3,1
âœˆï¸ğŸ™ˆ,thick fog,1,1,3
ğŸ’¨ğŸ‘ï¸ğŸŒ«ï¸,thick fog,1,1,4
ğŸŒ«ï¸ğŸŒ«ï¸ğŸŒ,thick fog,1,2,1
ğŸŒ«ï¸ğŸŒ«ï¸ğŸŒ«ï¸,thick fog,1,3,1
ğŸŒ«ï¸ğŸŒ«ï¸,thick fog,1,3,1
ğŸ“ğŸŒ«ï¸ğŸŒ«ï¸ğŸŒ«ï¸ğŸŒğŸŒ,thick fog,1,2,2
ğŸŒ«ï¸ğŸ˜¶â€ğŸŒ«ï¸,thick fog,1,2,1
âŒğŸ“„,wrong paper,1,0,3
âŒğŸ“œ,wrong paper,1,0,3
ğŸ™…â€â™€ï¸ğŸ“ƒ,wrong paper,1,0,3
âŒğŸ“„,wrong paper,1,0,3
ğŸ™…â€â™‚ï¸ğŸ“„,wrong paper,1,0,3
âŒğŸ“ƒ,wrong paper,1,0,3
âŒğŸ“œ,wrong paper,1,0,3
âŒğŸ“ƒ,wrong paper,1,0,3
âŒğŸ›£ï¸,wrong road,1,0,3
âŒğŸ›£ï¸,wrong road,1,0,3
ğŸ™…â€â™€ï¸ğŸ›£ï¸,wrong road,1,0,3
âŒğŸ›£ï¸,wrong road,1,0,3
ğŸ™…â€â™‚ï¸ğŸ›£ï¸,wrong road,1,0,3
âŒğŸ›£ï¸,wrong road,1,0,3
âŒğŸ›£ï¸,wrong road,1,0,3
ğŸ™…ğŸ›£ï¸,wrong road,1,0,3
âŒğŸ‘©â€ğŸ’»,wrong cheating,1,0,3
âŒğŸ“‘,wrong cheating,1,0,3
ğŸ™…â€â™€ï¸ğŸ’”,wrong cheating,1,1,3
ğŸ™…ğŸ‘©â€â¤ï¸â€ğŸ’‹â€ğŸ‘¨ğŸ’”,wrong cheating,1,1,4
ğŸ™…â€â™‚ï¸ğŸ˜ˆğŸ¤«âœï¸ğŸ“„ğŸ“šğŸ’¯,wrong cheating,1,1,4
ğŸ‘ğŸ“,wrong cheating,1,0,3
âŒğŸ“ğŸ“‹,wrong cheating,1,0,3
ğŸ˜ğŸ‘,wrong cheating,1,1,3
âŒâ†—ï¸â†–ï¸â,wrong way,1,1,4
âŒâ†©ï¸,wrong way,1,0,3
ğŸ™…â€â™€ï¸ğŸš¸,wrong way,1,0,2
âŒâ†—ï¸ğŸ—ºï¸,wrong way,1,1,4
ğŸ™…â€â™‚ï¸ğŸ—ºï¸ğŸ§­,wrong way,1,1,3
âŒğŸ§­,wrong way,1,1,3
âŒğŸ—ºï¸ğŸ™…â€â™€ï¸,wrong way,1,0,3
ğŸ¤¦ğŸ§­,wrong way,1,0,3
âŒğŸ’Š,wrong medicine,1,0,3
âŒğŸ’Š,wrong medicine,1,0,3
ğŸ™…â€â™€ï¸ğŸ’Š,wrong medicine,1,0,3
âŒğŸ’ŠğŸ¤’,wrong medicine,1,0,4
ğŸ™…â€â™‚ï¸ğŸ’Š,wrong medicine,1,0,3
âŒğŸ’Š,wrong medicine,1,0,3
âŒğŸ’Š,wrong medicine,1,0,3
âŒğŸ’Š,wrong medicine,1,0,3
âŒâ„¹ï¸,wrong information,1,0,3
âŒâ„¹ï¸,wrong information,1,0,3
ğŸ™…â€â™€ï¸â„¹ï¸,wrong information,1,0,3
âŒğŸ’­â“,wrong information,1,1,4
ğŸ™…â€â™‚ï¸ğŸ“‘ğŸ—‚ï¸,wrong information,1,0,3
âŒğŸ§ ,wrong information,1,1,3
âŒğŸ“°,wrong information,1,0,3
âŒâ„¹ï¸,wrong information,1,0,3
âŒğŸ¤”,wrong assumption,1,0,3
âŒğŸ’­,wrong assumption,1,0,3
ğŸ™…â€â™€ï¸ğŸ¤”,wrong assumption,1,0,3
ğŸ‘„âŒğŸ‘„ğŸ’¬,wrong assumption,1,0,4
ğŸ™…â€â™‚ï¸ğŸ¤”,wrong assumption,1,0,3
âŒğŸ‘€ğŸ§ ,wrong assumption,1,0,4
âŒğŸ¤”,wrong assumption,1,0,3
ğŸ¤”ğŸ¤¦,wrong assumption,1,1,3
âŒâ°,wrong time,1,0,3
âŒğŸ•¡,wrong time,1,0,3
ğŸ™…â€â™€ï¸ğŸ•°ï¸,wrong time,1,0,3
âŒâ±ï¸â°,wrong time,1,0,3
ğŸ™…â€â™‚ï¸â±ï¸,wrong time,1,0,3
âŒâ°,wrong time,1,0,3
âŒâ±ï¸,wrong time,1,0,3
ğŸ¤¦âŒš,wrong time,1,1,3
â™¨ï¸ğŸ§‘â€ğŸ¤â€ğŸ§‘ğŸ§‘â€ğŸ¤â€ğŸ§‘ğŸ§‘â€ğŸ¤â€ğŸ§‘,warm support,1,1,3
ğŸŒ¡ï¸ğŸ«‚,warm support,1,0,3
ğŸ¤ğŸ¥µ,warm support,1,0,3
ğŸ‘ªğŸ¥°,warm support,1,1,1
ğŸ«‚ğŸ¤—,warm support,1,0,1
ğŸ¥°,warm support,1,4,1
ğŸ”¥ğŸ’ªğŸ»,warm support,1,0,3
ğŸŒ¡ï¸ğŸ’ª,warm support,1,0,3
â™¨ï¸ğŸ¤—ğŸ¤,warm greeting,1,0,3
â™¨ï¸ğŸ‘‹,warm greeting,1,0,3
ğŸ¥µğŸ‘‹,warm greeting,1,0,3
ğŸ‘‹ğŸ¥°,warm greeting,1,1,3
ğŸ˜ŠğŸ‘‹,warm greeting,1,1,3
ğŸ‘‹ğŸ‘‹ğŸ‘‹,warm greeting,1,3,1
â¤ï¸ğŸ‘‹,warm greeting,1,1,3
ğŸŒ¡ï¸ğŸ¤,warm greeting,1,0,3
â™¨ï¸âš–ï¸,warm debate,1,0,3
ğŸ”¥ğŸ—£ï¸,warm debate,1,0,3
ğŸ•µï¸â€â™‚ï¸ğŸ•µï¸â€â™€ï¸,warm debate,1,3,1
ğŸ§ ğŸ—£ï¸ğŸ’¥,warm debate,1,0,4
ğŸ—£ï¸ğŸ”¥ğŸ—£ï¸,warm debate,1,0,2
ğŸ‘„ğŸ¤¯,warm debate,1,1,3
ğŸ’¥ğŸ§ ,warm debate,1,1,3
ğŸŒ¡ï¸ğŸ—£ï¸ğŸ—£ï¸,warm debate,1,0,3
â™¨ï¸ğŸ˜®â€ğŸ’¨,warm room,1,1,3
ğŸŒ¡ï¸ğŸšºğŸš¹,warm room,1,0,3
ğŸ¥µğŸ¡,warm room,1,0,3
ğŸ¥µğŸ«,warm room,1,0,3
ğŸ¥µğŸŒ¡ï¸ğŸšï¸,warm room,1,0,3
ğŸ¥µ,warm room,1,4,1
ğŸ”¥ğŸ ,warm room,1,0,3
ğŸŒ¡ï¸ğŸ ,warm room,1,0,3
â™¨ï¸ğŸ¦¶ğŸ¦µğŸ‘ƒğŸ‘‚ğŸ–ï¸,warm body,1,2,2
ğŸŒ¡ï¸ğŸ§â€â™‚ï¸,warm body,1,0,3
ğŸ¥ğŸ’â€â™€ï¸â¤ï¸ğŸ§Ÿâ€â™‚ï¸,warm body,1,1,5
ğŸ¤’,warm body,1,4,1
ğŸ¤’,warm body,1,4,1
ğŸ¥µ,warm body,1,4,1
ğŸ”¥ğŸ§–â€â™‚ï¸,warm body,1,0,3
ğŸŒ¡ï¸ğŸ§,warm body,1,0,3
â™¨ï¸â›…,warm climate,1,0,3
ğŸŒ¡ï¸ğŸœï¸,warm climate,1,1,3
ğŸ¥µğŸï¸,warm climate,1,1,3
ğŸ¤’ğŸ¥µğŸ”¥â˜€ï¸,warm climate,1,1,1
â˜€ï¸ğŸŒ¡ï¸ğŸ“ˆ,warm climate,1,1,4
ğŸŒ¤ï¸,warm climate,1,4,1
ğŸŒ¤ï¸,warm climate,1,4,1
ğŸŒ¡ï¸ğŸŒ,warm climate,1,1,3
â™¨ï¸ğŸ§¥,warm coat,1,0,3
ğŸŒ¡ï¸ğŸ§¥,warm coat,1,0,3
ğŸ¥µğŸ¥¼,warm coat,1,0,3
ğŸ§¥ğŸ¥µ,warm coat,1,0,3
ğŸ‘ğŸ§¥âŒğŸ¥¶,warm coat,1,0,4
ğŸ§¥,warm coat,1,4,1
ğŸ§¥,warm coat,1,4,1
ğŸŒ¡ï¸ğŸ¥¼,warm coat,1,0,3
â™¨ï¸ğŸ™‚ğŸ‘¤,warm personality,1,0,3
ğŸ”¥ğŸ˜,warm personality,1,0,3
ğŸ¥µğŸ¤ğŸ‘‹,warm personality,1,0,3
ğŸ¥°ğŸ‘­,warm personality,1,1,1
ğŸ‘ŠğŸ§‘â€ğŸ¤â€ğŸ§‘,warm personality,1,1,2
ğŸ¥°,warm personality,1,4,1
ğŸ˜ğŸ¥³,warm personality,1,2,1
ğŸŒ¡ï¸ğŸ’â€â™€ï¸,warm personality,1,0,3
ğŸ”ğŸ‘©ğŸ»,clear complexion,1,0,3
ğŸ‘©âœ¨,clear complexion,1,1,3
ğŸ˜Œâœ¨âœ¨,clear complexion,1,1,2
ğŸ’â€â™€ï¸,clear complexion,1,4,1
ğŸ’†â€â™€ï¸ğŸ‘Œ,clear complexion,1,0,3
ğŸ‘¨ğŸš°ğŸ¥—ğŸªâœ¨,clear complexion,1,1,4
ğŸ˜ğŸ§´,clear complexion,1,1,3
ğŸ”ğŸ‘‰,clear indication,1,0,3
âœ”ï¸âœ”ï¸,clear indication,1,3,1
ğŸ˜²ğŸ˜²ğŸ†—,clear indication,1,1,2
ğŸ”®ğŸ‘“,clear indication,1,0,1
âœ”ï¸âœï¸,clear indication,1,0,3
ğŸ’¬âœ”ï¸âŒâ“,clear indication,1,0,4
ğŸ—£ï¸ğŸ‘ğŸ»,clear indication,1,0,3
ğŸŒ¬ï¸,clear air,1,4,1
â›°ï¸ğŸŒ¬ï¸,clear air,1,1,1
ğŸ’¨ğŸ’¨âœ¨,clear air,1,1,3
ğŸƒâŒğŸš¬ğŸ§¹,clear air,1,1,2
ğŸŒ¬ï¸ğŸƒğŸ‘,clear air,1,0,2
ğŸ’¨âœ¨âŒğŸ¦ ,clear air,1,1,4
ğŸ‘ğŸ»ğŸŒ¬ï¸,clear air,1,0,3
ğŸ”ğŸ’¼,clear case,1,0,3
âœ”ï¸ğŸ’¼,clear case,1,0,3
ğŸ‘€ğŸ—£ï¸,clear case,1,1,3
ğŸªŸğŸ’¼,clear case,1,0,3
âœ”ï¸ğŸ’¼,clear case,1,0,3
ğŸ•µï¸ğŸ”¬ğŸ”ªğŸ©¸ğŸ’¡,clear case,1,1,4
ğŸ“‚,clear case,1,4,1
ğŸ”ğŸ’¡,clear idea,1,0,3
âœ”ï¸ğŸ’¡,clear idea,1,0,3
ğŸ§ ğŸ˜²ğŸ†—,clear idea,1,1,3
ğŸªŸğŸ’¡,clear idea,1,0,3
âœ”ï¸ğŸ’¡,clear idea,1,0,3
ğŸ¤”ğŸ’­ğŸ’¡âœ…,clear idea,1,1,4
ğŸ“‘ğŸ‘ğŸ»,clear idea,1,0,3
ğŸ”ğŸ—£ï¸,clear explanation,1,0,3
âœ”ï¸ğŸ—£ï¸,clear explanation,1,0,3
ğŸ’¬ğŸ˜²ğŸ†—,clear explanation,1,0,3
ğŸ‘©â€ğŸ«ğŸ’¯ğŸ—£ï¸,clear explanation,1,1,3
ğŸ—£ï¸ğŸ’¡,clear explanation,1,1,3
ğŸ¤”â”ğŸ‘¨â€ğŸ«ğŸ—£ï¸ğŸ’¡âœ…ğŸ˜€,clear explanation,1,1,5
ğŸ‘ğŸ»ğŸ—£ï¸,clear explanation,1,0,3
ğŸ”ğŸ¥›,clear glass,1,0,3
âœ”ï¸ğŸ¥›,clear glass,1,0,3
ğŸ¥ƒâœ¨,clear glass,1,1,3
ğŸ‘“ğŸ¥ƒ,clear glass,1,0,1
âœ”ï¸ğŸ¥›,clear glass,1,0,3
ğŸ‘“ğŸ”âœ¨âœ¨,clear glass,1,0,1
ğŸ¥ƒğŸ”,clear glass,1,0,3
ğŸ”ğŸ’¦,clear water,1,0,3
âœ”ï¸ğŸ’§,clear water,1,0,3
ğŸ’§ğŸ’§âœ¨,clear water,1,1,3
ğŸ‘ğŸ’¦ğŸ’§,clear water,1,0,2
âœ”ï¸ğŸ’§,clear water,1,0,3
ğŸ’§ğŸ’§ğŸ”¬âœ¨âŒğŸ¦ ,clear water,1,1,4
ğŸ’§âšª,clear water,1,1,3
ğŸ”ğŸ“‘,clear-cut evidence,1,0,3
âœ”ï¸ğŸ“ƒ,clear-cut evidence,1,0,3
ğŸ“¶ğŸ˜®âœ¨ğŸ‘,clear-cut evidence,1,1,4
ğŸ”ğŸ•µï¸â€â™‚ï¸ğŸ‰,clear-cut evidence,1,1,4
ğŸ•µï¸âœ‚ï¸ğŸ“œ,clear-cut evidence,1,0,3
ğŸ”ªâ“ğŸ”¬ğŸ’¡âœ”ï¸,clear-cut evidence,1,1,5
ğŸ“œğŸ”,clear-cut evidence,1,0,3
ğŸ¤”ğŸƒâ€â™€ï¸,unclear action,1,0,3
âŒâ™Ÿï¸,unclear action,1,0,3
ğŸ¤¨ğŸ§ğŸ¤·â€â™€ï¸ğŸ¤·â€â™‚ï¸,unclear action,1,2,1
â“â“â“,unclear action,1,3,1
ğŸ•ºğŸ¤”,unclear action,1,0,3
ğŸ‘¨â€ğŸ«ğŸ—£ï¸ğŸ“â“â“â“,unclear action,1,1,4
â“ğŸ¤¨,unclear action,1,1,1
ğŸ•³ï¸ğŸ‘€,deep trance,1,0,3
â™’ğŸ˜µ,deep trance,1,0,2
ğŸ˜µ,deep trance,1,4,1
ğŸ˜µâ€ğŸ’«,deep trance,1,4,1
ğŸ˜µâ€ğŸ’«ğŸ˜¶,deep trance,1,2,1
ğŸ˜µâ€ğŸ’«,deep trance,1,4,1
ğŸ§˜â€â™‚ï¸,deep trance,1,4,1
ğŸ˜µâ€ğŸ’«â¬‡ï¸,deep trance,1,0,3
ğŸ•³ï¸ğŸ˜®â€ğŸ’¨,deep sigh,1,0,3
ğŸ˜ğŸ˜,deep sigh,1,3,1
ğŸ˜®â€ğŸ’¨,deep sigh,1,4,1
ğŸ˜®â€ğŸ’¨,deep sigh,1,4,1
ğŸ˜®â€ğŸ’¨ğŸ˜¥ğŸ˜•,deep sigh,1,2,1
ğŸ˜®â€ğŸ’¨,deep sigh,1,4,1
ğŸ˜®â€ğŸ’¨ğŸ˜®â€ğŸ’¨,deep sigh,1,3,1
ğŸ˜¤ğŸŒ¬ï¸,deep sigh,1,1,3
ğŸ•³ï¸âœ‚ï¸,deep cut,1,0,3
ğŸ¤•âœ‚ï¸,deep cut,1,1,3
ğŸ”ªğŸ”ªğŸ”ª,deep cut,1,3,1
ğŸ©¸ğŸ˜±ğŸ˜µğŸ”ª,deep cut,1,1,4
â˜ï¸ğŸ”ªğŸ©¸ğŸ©¸,deep cut,1,1,4
âœ‚ï¸ğŸ©¸,deep cut,1,1,3
ğŸ¤•,deep cut,1,4,1
ğŸ©¸ğŸ¤•,deep cut,1,1,3
ğŸ•³ï¸ğŸ—£ï¸,deep voice,1,0,3
ğŸ¤”ğŸ—£ï¸,deep voice,1,1,3
ğŸ»ğŸ¤,deep voice,1,1,3
ğŸ—£ï¸ğŸ‘¨â€ğŸ¦³,deep voice,1,1,3
ğŸ—£ï¸ğŸ”ŠğŸ”½,deep voice,1,0,4
ğŸ—£ï¸,deep voice,1,4,1
ğŸ—£ï¸ğŸ§â€â™‚ï¸,deep voice,1,1,3
ğŸ—£ï¸â¬‡ï¸,deep voice,1,0,3
ğŸ•³ï¸ğŸ˜‹,deep emotion,1,0,3
ğŸ¤”ğŸ¤”,deep emotion,1,3,1
ğŸ˜­ğŸŒŠ,deep emotion,1,1,3
ğŸ§ğŸ¤¯,deep emotion,1,1,3
â¬ğŸ˜¢ğŸ˜­,deep emotion,1,0,3
ğŸ¤¬ğŸ¤¯ğŸ˜­ğŸ˜”,deep emotion,1,2,1
ğŸ˜¶,deep emotion,1,4,1
ğŸ˜–ğŸ¥ºğŸ˜¤,deep emotion,1,2,1
ğŸ•³ï¸ğŸ¤«,deep concentration,1,0,3
ğŸ¤”ğŸ§,deep concentration,1,2,1
ğŸ˜µğŸ˜µğŸ˜µ,deep concentration,1,3,1
ğŸ§ğŸ‘©â€ğŸ’»âœï¸,deep concentration,1,1,2
â¬ğŸ§ğŸ¤“,deep concentration,1,0,3
ğŸ¤”,deep concentration,1,4,1
ğŸ“–,deep concentration,1,4,1
ğŸ“ƒğŸ“„ğŸ¤“ğŸ˜µâ€ğŸ’«,deep concentration,1,1,2
ğŸ•³ï¸ğŸ›Œ,deep sleep,1,0,3
ğŸ˜´ğŸ˜ªğŸ›Œ,deep sleep,1,1,1
ğŸ˜´ğŸ˜´ğŸ˜´,deep sleep,1,3,1
ğŸ˜ªğŸ¤¤ğŸ˜´ğŸ˜µ,deep sleep,1,1,1
ğŸ˜´ğŸ›Œ:zzz::zzz:,deep sleep,1,1,1
ğŸ˜ª:zzz:,deep sleep,1,1,2
ğŸ˜´ğŸ˜´,deep sleep,1,3,1
ğŸ˜´ğŸ˜´:zzz::zzz:,deep sleep,1,1,1
ğŸ•³ï¸ğŸ˜®â€ğŸ’¨,deep breath,1,0,3
ğŸ˜®ğŸ«,deep breath,1,1,3
ğŸ˜®â€ğŸ’¨ğŸ˜®â€ğŸ’¨ğŸ˜®â€ğŸ’¨,deep breath,1,3,1
ğŸ˜®â€ğŸ’¨,deep breath,1,4,1
ğŸ¥±ğŸ˜®ğŸ˜®â€ğŸ’¨,deep breath,1,2,2
ğŸ˜®â€ğŸ’¨,deep breath,1,4,1
ğŸ‘ƒğŸ’¨,deep breath,1,1,3
ğŸŒ¬ï¸ğŸ«,deep breath,1,1,3
ğŸ§ŠğŸ¥ƒ,cool drink,1,1,3
ğŸ†’ğŸ¥¤,cool drink,1,0,3
ğŸ§ŠğŸ¾,cool drink,1,1,3
ğŸ§ŠğŸ¹ğŸº,cool drink,1,1,3
ğŸ†’ğŸ¹,cool drink,1,0,3
ğŸ§ŠğŸ¸,cool drink,1,1,3
ğŸ¥¤ğŸ§ƒ,cool drink,1,2,1
ğŸ’¨ğŸ¥¤,cool drink,1,0,3
ğŸ§ŠğŸ‘¬,cool relation,1,0,3
ğŸ†’ğŸ§‘â€ğŸ¤â€ğŸ§‘,cool relation,1,0,3
ğŸ˜ğŸ‘¬,cool relation,1,0,3
ğŸ¤œğŸ¤›ğŸ¤,cool relation,1,1,1
ğŸ†’ğŸ‘«,cool relation,1,0,3
ğŸ˜¶ğŸ¥¶ğŸ™,cool relation,1,0,3
ğŸ§ŠğŸ§â€â™‚ï¸ğŸ§â€â™€ï¸,cool relation,1,1,5
ğŸ’¨ğŸ‘¬,cool relation,1,0,3
ğŸ§ŠğŸ¤,cool reception,1,0,3
ğŸ†’ğŸ¨ğŸ›ï¸â˜ï¸,cool reception,1,0,2
ğŸ˜ğŸŠ,cool reception,1,1,3
ğŸ™‚â˜ºï¸ğŸ‘‹,cool reception,1,1,2
ğŸ†’ğŸ’,cool reception,1,0,3
ğŸ˜ğŸ‘‹,cool reception,1,1,3
ğŸ§â€â™€ï¸ğŸ™ï¸â˜ï¸,cool reception,1,1,2
ğŸ’¨ğŸ‘©ğŸ–¥ï¸,cool reception,1,0,3
ğŸ§ŠğŸ ,cool room,1,0,3
ğŸ†’ğŸ›‹ï¸,cool room,1,0,3
ğŸŒ¡ï¸ğŸ¥¶ğŸ ,cool room,1,0,4
ğŸ¥¶ğŸ§¤ğŸ§£ğŸŒ¬ï¸ğŸ§¥ğŸ ,cool room,1,1,2
ğŸ†’ğŸ ,cool room,1,0,3
â„ï¸ğŸ’¨ğŸ ,cool room,1,1,3
ğŸ§ŠğŸ¤,cool room,1,0,3
ğŸ’¨ğŸ›Œ,cool room,1,0,3
ğŸ§ŠğŸŒ¬ï¸,cool breeze,1,1,3
ğŸ†’ğŸƒ,cool breeze,1,0,3
ğŸ¥¶ğŸ’¨,cool breeze,1,1,3
â„ï¸ğŸŒ¬ï¸ğŸ’¨,cool breeze,1,1,2
ğŸ†’ğŸƒ,cool breeze,1,0,3
â„ï¸ğŸ’¨,cool breeze,1,1,3
ğŸ§ŠğŸŒ¬ï¸ğŸ’¨,cool breeze,1,1,2
ğŸ’¨ğŸ’¨,cool breeze,1,3,1
âŒğŸ’²ğŸ’²,inadequate income,1,0,3
âš ï¸ğŸ’°,inadequate income,1,0,3
ğŸ˜ğŸ’°,inadequate income,1,0,3
ğŸ’¸,inadequate income,1,4,1
âŒğŸ’°ğŸ‘›,inadequate income,1,0,3
ğŸ¤·ğŸ’¸ğŸ˜ï¸,inadequate income,1,1,2
ğŸ¤ğŸ’µ,inadequate income,1,0,3
ğŸ“‰ğŸ’°,inadequate income,1,0,3
âŒğŸ§‘â€ğŸ«,inadequate training,1,0,3
âš ï¸ğŸƒâ€â™€ï¸ğŸ’ªğŸ‹ï¸,inadequate training,1,1,2
ğŸ˜£ğŸ‘¬ğŸ‘¬ğŸ‘­,inadequate training,1,0,3
ğŸ¤µğŸ¤µâ€â™‚ï¸âŒ,inadequate training,1,0,3
âŒğŸ¤¼ğŸ¤º,inadequate training,1,0,3
ğŸ¤·ğŸšˆğŸ“‹,inadequate training,1,0,2
ğŸ‘ğŸ‹ï¸â€â™€ï¸,inadequate training,1,1,3
ğŸ”»ğŸ™‹ğŸ»â€â™€ï¸ğŸ£,inadequate training,1,1,3
âŒğŸ¤µ,inadequate staff,1,0,3
âš ï¸ğŸ§‘â€ğŸ«ğŸ‘©â€ğŸ«ğŸ‘¨â€ğŸ«,inadequate staff,1,0,2
ğŸ˜–ğŸ‘”,inadequate staff,1,1,3
âŒğŸ§‘â€ğŸ’¼ğŸ‘¨â€ğŸ’¼,inadequate staff,1,0,3
âŒğŸ’,inadequate staff,1,0,3
ğŸ¤·ğŸ§‘â€ğŸ’¼0ï¸âƒ£,inadequate staff,1,0,4
ğŸ¤ğŸ‘¬ğŸ§‘â€ğŸ¤â€ğŸ§‘,inadequate staff,1,0,3
ğŸ”»ğŸ‘©â€ğŸ’¼ğŸ‘¨â€ğŸ’¼,inadequate staff,1,0,3
ğŸ§–â€â™€ï¸ğŸ’†â€â™‚ï¸ğŸ§–â€â™‚ï¸ğŸ˜‡,idyllic life,1,2,1
ğŸ‘ğŸ‰,idyllic life,1,1,2
â˜ºï¸ğŸŒˆ,idyllic life,1,1,1
ğŸ’ğŸ’â€â™€ï¸ğŸ‘œğŸ’¸,idyllic life,1,1,1
ğŸ‰ğŸ™ŒğŸ’¯ğŸ‘¨â€ğŸ‘©â€ğŸ‘§â€ğŸ‘¦,idyllic life,1,2,1
ğŸ‘©ğŸ¥±ğŸ˜´,idyllic life,1,1,2
ğŸ˜ğŸ¡ğŸ›Œ,idyllic life,1,1,2
ğŸ•Šï¸,idyllic life,1,4,1
ğŸ–¼ï¸ğŸŒ„,idyllic spot,1,2,2
ğŸ‘ğŸ”¦,idyllic spot,1,0,3
âœ¨ğŸï¸,idyllic spot,1,1,3
ğŸ‘ğŸ™†ğŸ™†â€â™€ï¸ğŸ’¯,idyllic spot,1,1,1
ğŸ‰ğŸ™ŒğŸ’¯ğŸ–ï¸,idyllic spot,1,0,2
ğŸ‘©ğŸŒ´ğŸ§‰,idyllic spot,1,1,1
ğŸ˜ğŸŒ¥ï¸ğŸ±ğŸ•ï¸,idyllic spot,1,1,1
ğŸ˜ƒğŸ•¶ï¸ğŸŒ´,idyllic spot,1,1,1
ğŸ ğŸ›ï¸ğŸ‘®â€â™€ï¸ğŸ“ˆğŸ‡¸ğŸ‡¬,domestic worry,1,1,4
ğŸ ğŸ¥º,domestic worry,1,0,3
ğŸ ğŸ˜–,domestic worry,1,0,3
ğŸ¡ğŸ¥ºğŸ˜Ÿ,domestic worry,1,0,3
ğŸ ğŸ˜Ÿ,domestic worry,1,0,3
ğŸ‘§ğŸ˜ŸğŸ˜°,domestic worry,1,1,2
ğŸ˜ŸğŸšï¸ğŸ’¸ğŸ¥£ğŸ‘¶,domestic worry,1,1,2
ğŸ ğŸ™â€â™€ï¸,domestic worry,1,0,3
ğŸ¡ğŸ«‚ğŸ˜ŠğŸ¡,domestic happiness,1,0,2
ğŸ ğŸ˜„,domestic happiness,1,0,3
ğŸ ğŸ¥°,domestic happiness,1,0,3
ğŸ¡ğŸ¥°ğŸ‘ªğŸ‘©â€ğŸ‘©â€ğŸ‘¦ğŸ‘¨â€ğŸ‘¨â€ğŸ‘¦ğŸ‘¨â€ğŸ‘§ğŸ‘©â€ğŸ‘¦,domestic happiness,1,0,2
ğŸ ğŸ˜ƒ,domestic happiness,1,0,3
ğŸ‘§ğŸ˜ğŸ˜‚,domestic happiness,1,2,2
ğŸ¡ğŸ¥°ğŸ¼ğŸ‘¶ğŸ’°,domestic happiness,1,1,1
ğŸ˜€ğŸ˜ƒğŸ˜„,domestic happiness,1,2,1
ğŸ§¹ğŸ³ğŸª ğŸ›’ğŸ ,domestic chore,1,1,2
ğŸ âŒ¨ï¸,domestic chore,1,1,3
ğŸ ğŸ§¹,domestic chore,1,0,3
ğŸ§¹ğŸ§¼ğŸ§´ğŸ˜·,domestic chore,1,2,1
ğŸ ğŸ§¹,domestic chore,1,0,3
ğŸ˜¤ğŸ§¹ğŸ§½ğŸ—‘ï¸,domestic chore,1,1,3
ğŸ ğŸ˜­ğŸ§¹ğŸ—‘ï¸ğŸ§½ğŸ½ï¸ğŸ½ï¸,domestic chore,1,1,2
ğŸ ğŸ§¹,domestic chore,1,0,3
ğŸ ğŸ„ğŸğŸ¦®ğŸ”ğŸ ,domestic animal,1,2,1
ğŸ ğŸ•,domestic animal,1,0,3
ğŸ ğŸ¶ğŸ±ğŸ°ğŸ¹ğŸ­,domestic animal,1,2,1
ğŸ˜ºğŸ¶,domestic animal,1,2,1
ğŸ ğŸ¶ğŸ±,domestic animal,1,2,1
ğŸ¶ğŸ±ğŸ°,domestic animal,1,2,1
ğŸ ğŸ¶ğŸ±ğŸ˜,domestic animal,1,2,1
ğŸ ğŸ¦®,domestic animal,1,1,3
ğŸ§ ğŸ¤”,intelligent question,1,1,3
ğŸ§ â“ğŸ’¬,intelligent question,1,0,4
ğŸ™‹ğŸ§ ğŸ’­ğŸ§‘â€ğŸ“,intelligent question,1,1,4
ğŸ‘¨â€ğŸ“â“,intelligent question,1,0,3
ğŸ’¡ğŸ—£ï¸â“,intelligent question,1,0,4
ğŸ¤”ğŸ¤“â“,intelligent question,1,0,3
ğŸ§‘â€ğŸ“ğŸ§ â“,intelligent question,1,0,3
ğŸ§â“,intelligent question,1,0,3
ğŸ‘ğŸ‘¨â€ğŸ«,intelligent life,1,1,3
ğŸ§ğŸ§â€â™€ï¸ğŸ§â€â™‚ï¸,intelligent life,1,2,1
ğŸ§‘â€ğŸ“ğŸ¤“,intelligent life,1,1,1
ğŸ“ğŸ‘½,intelligent life,1,1,3
ğŸ¤–ğŸ¾,intelligent life,1,1,3
ğŸ¤“ğŸ¶ğŸ¦ŠğŸ»ğŸ¦‘ğŸŒ³ğŸ³ğŸ¤“,intelligent life,1,2,2
ğŸ‘¨â€ğŸ”¬ğŸ”¬ğŸ§«ğŸ¦ ğŸ§ ğŸ§ ,intelligent life,1,2,2
ğŸ¤”ğŸ¤·â€â™€ï¸,intelligent life,1,1,3
ğŸ§ ğŸ’¡,intelligent solution,1,0,3
ğŸ§ â—â—,intelligent solution,1,1,3
ğŸ¤“ğŸ”,intelligent solution,1,1,3
ğŸ“ğŸ§ª,intelligent solution,1,1,3
ğŸ’¡âœ…,intelligent solution,1,1,3
ğŸ¤“ğŸ’¡,intelligent solution,1,0,3
ğŸ¤”ğŸ’­ğŸ’¡ğŸ§ ,intelligent solution,1,0,4
ğŸ§ ğŸ’¯,intelligent solution,1,1,3
ğŸ™â€â™€ï¸â¤ï¸ğŸ™â€â™‚ï¸â™¾ï¸,constant lover,1,1,5
ğŸ”‚ğŸ’‘ğŸ‘©â€â¤ï¸â€ğŸ‘¨ğŸ‘©â€â¤ï¸â€ğŸ‘©,constant lover,1,0,3
ğŸ’ğŸ‘°â€â™‚ï¸ğŸ‘°â€â™€ï¸ğŸ¤µâ€â™‚ï¸ğŸ’‘,constant lover,1,1,1
â¤ï¸ğŸ§“ğŸ‘µ,constant lover,1,1,2
ğŸ•°ï¸:zzz:ğŸ«‚,constant lover,1,1,4
ğŸ’˜ğŸ‘©â€â¤ï¸â€ğŸ‘¨ğŸ”ƒ,constant lover,1,0,3
ğŸ‘¬ğŸ‘¨â€â¤ï¸â€ğŸ’‹â€ğŸ‘¨â³âŒ›ğŸ’ğŸ‘¨â€ğŸ¦³ğŸ‘¨â€ğŸ¦³,constant lover,1,1,5
ğŸ’‘ğŸ˜,constant lover,1,1,2
â™¾ï¸ğŸ’”,constant pain,1,0,3
ğŸ”‚ğŸ˜–,constant pain,1,0,3
ğŸ¤•ğŸ§‘â€âš•ï¸,constant pain,1,1,3
ğŸ˜ŸğŸ˜ŸğŸ˜ŸğŸ˜ŸğŸ˜ŸğŸ˜Ÿ,constant pain,1,3,1
â³ğŸ˜£ğŸ¤•,constant pain,1,1,4
ğŸ”ƒğŸ¤•,constant pain,1,0,3
ğŸ¦´ğŸ”¨ğŸ§‘â€ğŸ¦½â³ğŸ˜­,constant pain,1,1,5
ğŸ˜¥ğŸ’‰ğŸ¤•,constant pain,1,1,2
ğŸ§ ğŸ‘¨â€âš•ï¸ğŸ©º,internal organ,1,1,2
ğŸ§ ğŸ‘€ğŸ«€,internal organ,1,2,1
ğŸ«€ğŸ§ ğŸ«,internal organ,1,2,1
ğŸ«€ğŸ«,internal organ,1,2,1
ğŸ«ğŸ«€,internal organ,1,2,1
ğŸ§ ğŸ«€ğŸ«,internal organ,1,2,1
ğŸ‘¨â€ğŸ’¼ğŸ‘ˆğŸ§ ğŸ«€ğŸ«,internal organ,1,1,4
ğŸ’‰ğŸ§¬,internal organ,1,0,1
ğŸ’­ğŸ’­,internal sense,1,3,1
ğŸ§¬â˜®ï¸,internal sense,1,1,2
ğŸ¤”ğŸ¤·,internal sense,1,1,1
ğŸ§˜â€â™€ï¸,internal sense,1,4,1
ğŸ§ğŸ”®,internal sense,1,1,3
ğŸ‘‰ğŸ‘€ğŸ‘ˆ,internal sense,1,1,5
ğŸ‘¨ğŸ‘ˆğŸ’­,internal sense,1,1,4
ğŸ¤“ğŸ§ ,internal sense,1,1,2
ğŸ“²ğŸ•¹ï¸ğŸ‘©â€ğŸ’»,internal mechanism,1,1,1
ğŸ§¬âš™ï¸,internal mechanism,1,1,2
â˜¸ï¸,internal mechanism,1,4,1
âš™ï¸âš™ï¸âš™ï¸,internal mechanism,1,3,1
ğŸ”ƒâš™ï¸,internal mechanism,1,0,3
ğŸ‘‰âš™ï¸âš™ï¸ğŸ‘ˆ,internal mechanism,1,1,5
ğŸ˜·ğŸ¦ ğŸ’Šâš”ï¸,internal mechanism,1,1,2
ğŸ¦¿ğŸ‘©â€ğŸ”§,internal mechanism,1,1,2
âŒğŸ’¦ğŸ¨,dry paint,1,0,4
ğŸ–Œï¸ğŸ™…ğŸ’¦,dry paint,1,0,4
ğŸœï¸ğŸ¨,dry paint,1,0,3
ğŸš±ğŸ¨,dry paint,1,0,3
ğŸŒªï¸ğŸ¨,dry paint,1,1,3
ğŸŒ¬ï¸ğŸ’…,dry paint,1,1,3
â˜€ï¸ğŸ¨,dry paint,1,1,3
â™¨ï¸ğŸ–Œï¸,dry paint,1,0,3
ğŸœï¸,dry land,1,4,1
ğŸï¸ğŸ™ï¸â˜€ï¸,dry land,1,1,1
ğŸœï¸ğŸï¸,dry land,1,2,1
ğŸ¥µğŸœï¸ğŸš«ğŸ†’,dry land,1,1,2
ğŸŒªï¸ğŸï¸,dry land,1,1,3
â›±ï¸ğŸï¸,dry land,1,1,1
â˜€ï¸ğŸœï¸,dry land,1,1,1
â™¨ï¸ğŸŒ‡,dry land,1,1,3
ğŸœï¸ğŸ¤¬,dry critique,1,0,3
ğŸ™â€â™‚ï¸ğŸ—£ï¸ğŸ’¬,dry critique,1,1,2
ğŸœï¸ğŸ—£ï¸,dry critique,1,0,3
ğŸ˜©ğŸ™„âœğŸ»ğŸ“,dry critique,1,1,3
ğŸ˜¤ğŸ˜,dry critique,1,1,1
ğŸ‘ğŸ—£ï¸,dry critique,1,0,3
â˜€ï¸ğŸ¤¬,dry critique,1,0,3
â™¨ï¸ğŸ§‘â€ğŸ«,dry critique,1,0,3
ğŸœï¸ğŸ¥³,dry greeting,1,0,3
ğŸ‘‹ğŸ˜’ğŸ˜ğŸ˜‘,dry greeting,1,1,2
ğŸœï¸ğŸ™‹â€â™€ï¸,dry greeting,1,0,3
ğŸ˜¶ğŸ˜ğŸ˜‘ğŸ‘‹,dry greeting,1,1,2
ğŸ™‹ğŸ˜‘ğŸ˜‘ğŸ˜‘,dry greeting,1,1,2
ğŸ‘‹ğŸ™„,dry greeting,1,1,3
â˜€ï¸ğŸ™‹ğŸ»â€â™€ï¸,dry greeting,1,0,3
â™¨ï¸ğŸ‘‹,dry greeting,1,0,3
ğŸœï¸,dry climate,1,4,1
â˜€ï¸â˜€ï¸â˜€ï¸ğŸ¥µ,dry climate,1,1,1
ğŸœï¸â˜€ï¸,dry climate,1,1,1
ğŸš±ğŸœï¸ğŸŒµ,dry climate,1,1,2
ğŸŒµğŸ¥µğŸ¥µğŸ¥µğŸ¥µ,dry climate,1,1,1
â˜€ï¸ğŸŒ¬ï¸,dry climate,1,1,1
ğŸŒµğŸŒ¡ï¸,dry climate,1,1,2
â™¨ï¸ğŸŒğŸŒ¡ï¸,dry climate,1,1,3
âœˆï¸ğŸ—£ï¸,foreign accent,1,0,3
ğŸ‘½ğŸ—£ï¸,foreign accent,1,0,3
ğŸ‡»ğŸ‡ªğŸ‡²ğŸ‡ªğŸ‡²ğŸ‡²ğŸ™ï¸ğŸ—£ï¸,foreign accent,1,1,1
ğŸ”ŠğŸ¤”â“â“,foreign accent,1,1,1
ğŸ‡«ğŸ‡·ğŸ‡¯ğŸ‡µğŸ‘©â€ğŸ¦±,foreign accent,1,1,1
âœˆï¸ğŸ—£ï¸ğŸ‘‚,foreign accent,1,0,2
ğŸ—£ï¸ğŸ¤·â€â™€ï¸,foreign accent,1,1,3
ğŸŒğŸ—£ï¸,foreign accent,1,0,3
âœˆï¸ğŸ—ºï¸,foreign nation,1,1,3
ğŸ‘½ğŸ‡ºğŸ‡³,foreign nation,1,0,3
ğŸ‡»ğŸ‡ªğŸ‡²ğŸ‡ªğŸ‡²ğŸ‡²ğŸ‡ºğŸ‡³,foreign nation,1,2,1
â“â“ğŸ‡§ğŸ‡±ğŸ‡²ğŸ‡µğŸ‡©ğŸ‡¬ğŸ‡¹ğŸ‡¦,foreign nation,1,0,1
ğŸ‡¦ğŸ‡«ğŸ‡¦ğŸ‡½ğŸ‡¦ğŸ‡±,foreign nation,1,2,1
âœˆï¸ğŸï¸,foreign nation,1,1,3
ğŸ§³ğŸ‡®ğŸ‡´ğŸ‡§ğŸ‡¦ğŸ‡¬ğŸ‡¾ğŸ‡¬ğŸ‡¶ğŸŒğŸ‡¬ğŸ‡ª,foreign nation,1,2,1
ğŸŒğŸ‡¬ğŸ‡§,foreign nation,1,2,2
âœˆï¸ğŸ™ï¸,foreign city,1,1,3
ğŸ‘½ğŸ™ï¸,foreign city,1,0,3
ğŸ‡»ğŸ‡ªğŸ‡²ğŸ‡ªğŸ‡²ğŸ‡²ğŸŒ†,foreign city,1,2,1
â“â“ğŸŒ†,foreign city,1,0,1
ğŸ‡¨ğŸ‡¿ğŸ‡¬ğŸ‡ªğŸ‡¬ğŸ‡­,foreign city,1,2,1
âœˆï¸ğŸï¸,foreign city,1,1,3
ğŸ§³ğŸ‡®ğŸ‡´,foreign city,1,1,2
ğŸŒğŸ™ï¸,foreign city,1,1,3
â—ğŸ‡¨ğŸ‡³,delicate china,1,0,3
âš ï¸ğŸ“¦ğŸ½ï¸,delicate china,1,1,2
âŒğŸ’ªğŸ»ğŸ‡¨ğŸ‡³â˜•,delicate china,1,1,4
ğŸ’ªğŸ‡¨ğŸ‡³,delicate china,1,0,3
ğŸ‡¨ğŸ‡³ğŸ˜ğŸ‘,delicate china,1,0,3
ğŸ«–ğŸ½ï¸ğŸ‡¨ğŸ‡³,delicate china,1,2,1
ğŸ½ï¸ğŸ™Œ,delicate china,1,1,3
ğŸ¤”ğŸ‡¨ğŸ‡³,delicate china,1,0,3
ğŸ›‘ğŸ,delicate wing,1,1,3
âš ï¸ğŸ“¦ğŸ£,delicate wing,1,1,2
âŒğŸ’ªğŸ»ğŸ¦‹,delicate wing,1,0,4
ğŸ£ğŸ’¸,delicate wing,1,1,3
ğŸŒ¬ï¸ğŸª¡ğŸš£,delicate wing,1,1,2
ğŸ¦…ğŸ•Šï¸,delicate wing,1,2,1
ğŸ¦‹,delicate wing,1,4,1
ğŸ¤”ğŸ•Šï¸,delicate wing,1,1,3
â•ğŸ’¬,delicate negotiation,1,0,3
âš ï¸ğŸ“¦ğŸ—£ï¸ğŸ’¬,delicate negotiation,1,0,2
ğŸ§˜ğŸ•Šï¸â˜®ï¸ğŸ—£ï¸,delicate negotiation,1,1,1
â€¼ï¸ğŸ—£ï¸,delicate negotiation,1,0,3
ğŸ—£ï¸ğŸ˜ƒ,delicate negotiation,1,1,3
ğŸ¤ğŸ•Šï¸â˜®ï¸,delicate negotiation,1,1,1
ğŸ™‹ğŸ§â€â™‚ï¸ğŸ™â€â™‚ï¸ğŸ™‹â€â™‚ï¸ğŸ§ğŸ™,delicate negotiation,1,1,1
ğŸ¤”ğŸ‘¥,delicate negotiation,1,1,3
ğŸ’ğŸœ,delicate flavor,1,1,3
âš ï¸ğŸ“¦ğŸ˜‹,delicate flavor,1,1,3
âŒğŸŒ¶ï¸ğŸ‘…,delicate flavor,1,0,4
ğŸ˜ˆğŸ˜,delicate flavor,1,1,2
ğŸ˜ğŸ˜‹,delicate flavor,1,1,1
ğŸ˜‹ğŸ‘,delicate flavor,1,1,2
ğŸ‘…ğŸ¤”,delicate flavor,1,1,3
ğŸ˜‹ğŸ¤”,delicate flavor,1,1,3
ğŸ—£ï¸ğŸ§â€â™€ï¸,sound explanation,1,1,3
ğŸ¤”ğŸ§ ğŸ”ŠğŸ—£ï¸â˜ºï¸ğŸ‘,sound explanation,1,1,5
ğŸ‘ğŸ—£ï¸,sound explanation,1,0,3
ğŸ—£ï¸ğŸ‘‚ğŸ‘,sound explanation,1,1,4
ğŸ¤”ğŸ§ ğŸ—£ï¸ğŸ™‚ğŸ†—,sound explanation,1,1,5
ğŸ”ˆğŸ—£ï¸,sound explanation,1,0,3
ğŸ§‘â€ğŸ«ğŸ—£ï¸,sound explanation,1,1,3
ğŸ™‹ğŸ§â€â™€ï¸ğŸ‘,sound explanation,1,1,3
ğŸ‘‚ğŸ—£ï¸,sound explanation,1,1,3
ğŸ§,sound approach,1,4,1
ğŸ§ ğŸ”ŠğŸš¶,sound approach,1,0,3
ğŸ‘â©,sound approach,1,1,3
ğŸ’¯ğŸ’¡,sound approach,1,0,1
ğŸ”ŠğŸš¶,sound approach,1,0,3
ğŸ”ˆâ¡ï¸â¤µï¸,sound approach,1,0,4
ğŸ‘¦ğŸ”ğŸ“,sound approach,1,1,3
ğŸ‘âœï¸ğŸ“‘,sound approach,1,0,3
ğŸ‘‚ğŸ“‹,sound approach,1,0,3
ğŸ˜µâ€ğŸ’«,sound thrashing,1,4,1
ğŸ”ŠğŸ‘Š,sound thrashing,1,0,3
ğŸ‘ğŸ—‘ï¸,sound thrashing,1,0,3
ğŸ—£ï¸ğŸ—‘ï¸,sound thrashing,1,0,3
ğŸ”ŠğŸ¥Š,sound thrashing,1,0,3
ğŸ”ˆğŸ—‘ï¸ğŸš®,sound thrashing,1,0,3
ğŸ˜¡ğŸ§¹ğŸ˜­,sound thrashing,1,1,4
ğŸ”ŠğŸ™…,sound thrashing,1,0,3
ğŸ‘‚ğŸ—‘ï¸,sound thrashing,1,0,3
ğŸ¤”,sound advice,1,4,1
ğŸ”ŠğŸ—£ï¸,sound advice,1,0,3
ğŸ‘ğŸ—£ï¸,sound advice,1,0,3
ğŸ—£ï¸ğŸ§â€â™‚ï¸ğŸ’¯,sound advice,1,0,3
ğŸ”ŠğŸ—£ï¸,sound advice,1,0,3
ğŸ‘ğŸ»ğŸ™ï¸ğŸ—£ï¸,sound advice,1,0,3
ğŸ‘¦ğŸ—£ï¸ğŸ‘©ğŸ¤”ğŸ‘,sound advice,1,1,5
ğŸ‘ğŸ§â€â™€ï¸,sound advice,1,1,3
ğŸ‘‚ğŸ’¬,sound advice,1,1,3
â˜€ï¸ğŸ‘—,bright future,0,6,1
âœ¨ğŸ‘—,bright future,0,6,1
ğŸ”†ğŸ‘—,bright future,0,6,1
ğŸ”†ğŸ‘—,bright future,0,6,1
ğŸ”†ğŸš¹ğŸšº,bright future,0,6,1
â˜€ï¸ğŸ«,bright future,0,6,1
ğŸ”†ğŸš¹ğŸšº,bright future,0,6,1
â˜€ï¸ğŸ«,bright future,0,6,1
ğŸ”†ğŸ‘—ğŸ’ƒ,bright sun,0,6,1
ğŸ’¡ğŸ•¯ï¸ğŸ ,bright sun,0,6,1
ğŸ˜ğŸ‘¨â€ğŸ”¬ğŸ‘©â€âš•ï¸ğŸ§‘â€ğŸ’»,bright sun,0,6,1
ğŸ”†ğŸš¹ğŸšº,bright sun,0,6,1
â˜€ï¸ğŸ¨ğŸ‘—,bright sun,0,6,1
ğŸ”†ğŸ‘—ğŸ’ƒ,bright sun,0,6,1
ğŸ”†ğŸš¹ğŸšº,bright sun,0,6,1
â˜€ï¸ğŸ«,bright sun,0,6,1
ğŸ”†â˜€ï¸,bright dress,0,6,1
âœ¨â˜€ï¸,bright dress,0,6,1
â˜€ï¸ğŸ”†,bright dress,0,6,1
ğŸ”†ğŸš¹ğŸšº,bright dress,0,6,1
â˜€ï¸ğŸ”®,bright dress,0,6,1
â˜€ï¸ğŸ«,bright dress,0,6,1
ğŸ”†ğŸš¹ğŸšº,bright dress,0,6,1
âœ¨â˜€ï¸,bright dress,0,6,1
ğŸ”†ğŸ”®,bright room,0,6,1
â˜€ï¸ğŸ¨ğŸ‘—,bright room,0,6,1
ğŸ‘—âœ¨,bright room,0,6,1
ğŸ”†ğŸ‘—ğŸ’ƒ,bright room,0,6,1
â˜€ï¸ğŸ¨ğŸ‘—,bright room,0,6,1
â˜€ï¸ğŸŒŸ,bright room,0,6,1
â˜€ï¸ğŸ”†,bright room,0,6,1
ğŸ”†ğŸ‘—ğŸ’ƒ,bright room,0,6,1
ğŸŒ‘ğŸ«ğŸ¤«ãŠ™ï¸,dark shadow,0,6,1
ğŸ˜¨ğŸ‘¹,dark shadow,0,6,1
ğŸŒ‘âŒğŸ’¡,dark shadow,0,6,1
ğŸ˜ˆâ“ğŸ¤·â€â™€ï¸,dark shadow,0,6,1
ğŸ˜ˆğŸ“ˆ,dark shadow,0,6,1
ğŸŒ‘,dark shadow,0,6,1
ğŸŒ‘,dark shadow,0,6,1
ğŸ•¶ï¸ğŸ‘¿,dark shadow,0,6,1
ğŸŒ‘ğŸŒŠğŸ’¦,dark day,0,6,1
ğŸ•¶ï¸ğŸ ,dark day,0,6,1
ğŸŒ‘âŒğŸ’¡,dark day,0,6,1
ğŸŒ‘,dark day,0,6,1
ğŸ•¶ï¸ğŸŒŠ,dark day,0,6,1
ğŸŒ‘ğŸš¹,dark day,0,6,1
ğŸ‘¿,dark day,0,6,1
ğŸ•¶ï¸ğŸŒŠ,dark day,0,6,1
ğŸŒ‘ğŸ”ğŸŒŠ,dark glass,0,6,1
ğŸŒ‘ğŸªƒ,dark glass,0,6,1
ğŸ‘¿ğŸ˜ˆ,dark glass,0,6,1
ğŸ˜¨ğŸ‘¹,dark glass,0,6,1
âš«ğŸŒŠ,dark glass,0,6,1
ğŸŒ‘,dark glass,0,6,1
ğŸŒš,dark glass,0,6,1
ğŸ˜ˆğŸ“ˆ,dark glass,0,6,1
âŒğŸ’¡ğŸ§,dark undercurrent,0,6,1
âš«ğŸ§±,dark undercurrent,0,6,1
ğŸ‘¿,dark undercurrent,0,6,1
ğŸŒ‘,dark undercurrent,0,6,1
ğŸŒ‘ğŸ‘¤,dark undercurrent,0,6,1
âŒğŸ’¡ğŸ§,dark undercurrent,0,6,1
âŒğŸ’¡ğŸ§,dark undercurrent,0,6,1
ğŸŒ‘ğŸš¹,dark undercurrent,0,6,1
ğŸ•¶ï¸ğŸ¥›,dark corner,0,6,1
ğŸŒ‘ğŸ“†,dark corner,0,6,1
ğŸ•¶ï¸ğŸ•¶ï¸ğŸ‘¤,dark corner,0,6,1
ğŸŒ‘ğŸ˜µğŸ’€,dark corner,0,6,1
ğŸ‘¿ğŸ˜ˆ,dark corner,0,6,1
â™ ï¸ğŸ‘¿,dark corner,0,6,1
âš«ğŸ¥›,dark corner,0,6,1
ğŸŒ‘ğŸŒŠğŸ’¦,dark corner,0,6,1
ğŸ•¶ï¸ğŸ•¶ï¸ğŸ‘¤,dark purpose,0,6,1
â™ ï¸ğŸ‘¿,dark purpose,0,6,1
ğŸŒ‘ğŸªƒ,dark purpose,0,6,1
ğŸ”¦ğŸš«ğŸš«,dark purpose,0,6,1
ğŸŒ‘,dark purpose,0,6,1
ğŸ•¶ï¸,dark purpose,0,6,1
ğŸ•¶ï¸ğŸ•¶ï¸,dark purpose,0,6,1
â›ˆï¸ğŸŒ«ï¸ğŸŒ‘,dark purpose,0,6,1
ğŸš—ğŸ›£ï¸âœ”ï¸,right bank,0,6,1
ğŸ‘‰ğŸ›£ï¸,right bank,0,6,1
âœ”ï¸ğŸ’¡ğŸ‘©ğŸ‘,right bank,0,6,1
ğŸ‘‰ğŸ¤š,right bank,0,6,1
âœ”ï¸ğŸ“„âœï¸,right bank,0,6,1
â¡ï¸ğŸ¤,right bank,0,6,1
âœ”ï¸,right bank,0,6,1
âœ”ï¸ğŸ’¡ğŸ‘©ğŸ‘,right bank,0,6,1
ğŸ‘ğŸ•´ï¸,right hand,0,6,1
âœ”ï¸ğŸ›£ï¸,right hand,0,6,1
â¡ï¸ğŸ‘¨ğŸ‘Œ,right hand,0,6,1
ğŸ‘‰ğŸ¦,right hand,0,6,1
ğŸ‘‰ğŸ›£ï¸,right hand,0,6,1
ğŸ‘‰ğŸ‘±ğŸ»â€â™‚ï¸,right hand,0,6,1
ğŸ™‹â€â™€ï¸ğŸ‘âœ…,right hand,0,6,1
â¡ï¸ğŸ’¯,right hand,0,6,1
âœ”ï¸,right side,0,6,1
âœ”ï¸ğŸ¦,right side,0,6,1
âœ‹ğŸ‘‰,right side,0,6,1
ğŸ‘âœ…,right side,0,6,1
ğŸ‘,right side,0,6,1
âœ”ï¸,right side,0,6,1
ğŸ¤²ğŸ¤š,right side,0,6,1
ğŸ‘‰ğŸ–ï¸,right side,0,6,1
ğŸ‘‰ğŸï¸,right decision,0,6,1
ğŸ‘ğŸ¦ğŸ’°ğŸ’°ğŸ’°,right decision,0,6,1
ğŸš—ğŸ›£ï¸âœ”ï¸,right decision,0,6,1
ğŸ‘‰ğŸï¸,right decision,0,6,1
ğŸ‘‰,right decision,0,6,1
âœ”ï¸,right decision,0,6,1
ğŸ‘©ğŸ˜ğŸ‘¨âœ”ï¸,right decision,0,6,1
ğŸ‘‰âœ”ï¸,right decision,0,6,1
â¡ï¸ğŸ¦ğŸ’°,right answer,0,6,1
ğŸ‘ğŸ¦ğŸ’°ğŸ’°ğŸ’°,right answer,0,6,1
ğŸ‘ğŸ¦ğŸ’°ğŸ’°ğŸ’°,right answer,0,6,1
ğŸ‘‰ğŸï¸,right answer,0,6,1
ğŸ‘,right answer,0,6,1
ğŸ‘,right answer,0,6,1
âœ”ï¸ğŸ‘,right answer,0,6,1
âœ”ï¸ğŸ‘,right answer,0,6,1
ğŸš—ğŸ›£ï¸âœ”ï¸,right man,0,6,1
âœ”ï¸ğŸ’¡ğŸ‘©ğŸ‘,right man,0,6,1
ğŸ‘ğŸ¦ğŸ’¸ğŸ’¹,right man,0,6,1
â¡ï¸ğŸ¦ğŸ’°,right man,0,6,1
ğŸ‘‰ğŸ¦,right man,0,6,1
ğŸ‘‰ğŸ›£ï¸,right man,0,6,1
âœ…,right man,0,6,1
ğŸ’¯,right man,0,6,1
â¡ï¸ğŸ‘¨ğŸ‘Œ,right road,0,6,1
â¡ï¸ğŸ¦ğŸ’°,right road,0,6,1
ğŸ‘ğŸ¦ğŸ’¸ğŸ’¹,right road,0,6,1
âœ”ï¸ğŸ‘¨ğŸ’•,right road,0,6,1
ğŸ‘ğŸ¦ğŸ’¸ğŸ’¹,right road,0,6,1
âœ”ï¸ğŸ‘¨,right road,0,6,1
ğŸ‘ğŸ¦ğŸ’°ğŸ’°ğŸ’°,right road,0,6,1
ğŸ¤”ğŸ’­ğŸ’¡ğŸ“ˆ,right road,0,6,1
âœ”ï¸ğŸ¦,right thing,0,6,1
â¡ï¸ğŸ§‘â€ğŸ¤â€ğŸ§‘ğŸ‘ˆ,right thing,0,6,1
â¡ï¸ğŸ§‘â€ğŸ¤â€ğŸ§‘ğŸ‘ˆ,right thing,0,6,1
ğŸ‘‰âœ”ï¸,right thing,0,6,1
ğŸ‘‰,right thing,0,6,1
âœ”ï¸,right thing,0,6,1
ğŸ‘©ğŸ˜ğŸ‘¨âœ”ï¸,right thing,0,6,1
ğŸ›£ï¸â†—ï¸,right thing,0,6,1
ğŸ¤ğŸš¢,short holiday,0,6,1
â™¨ï¸ğŸ«ğŸ’¨,short holiday,0,6,1
ğŸ¤ğŸ“…,short holiday,0,6,1
ğŸ©³âœˆï¸,short holiday,0,6,1
âŒ›ğŸ“–,short holiday,0,6,1
â³ğŸ—“ï¸ğŸ“…,short holiday,0,6,1
â³ğŸ«€ğŸ’“,short holiday,0,6,1
ğŸ¥²âœˆï¸,short holiday,0,6,1
ğŸ¤ğŸ–ï¸,short ration,0,6,1
âŒâœï¸ğŸª“ğŸ”§,short ration,0,6,1
âŒâœï¸ğŸª“ğŸ”§,short ration,0,6,1
ğŸ¤ğŸ­,short ration,0,6,1
ğŸ¤ğŸ“™ğŸ“–,short ration,0,6,1
ğŸ¤ğŸ¦±,short ration,0,6,1
ğŸ¤âœˆï¸,short ration,0,6,1
ğŸ¤ğŸ“¦,short ration,0,6,1
â¬ğŸ§¥ğŸ‘šğŸ‘•ğŸ‘–,short hair,0,6,1
â³ğŸ«€ğŸ’“,short hair,0,6,1
ğŸ©³âœˆï¸,short hair,0,6,1
ğŸ¤ğŸ“¦,short hair,0,6,1
ğŸ©³ğŸ–ï¸,short hair,0,6,1
ğŸ¤ğŸ’²,short hair,0,6,1
â¬ğŸ§¥ğŸ‘šğŸ‘•ğŸ‘–,short hair,0,6,1
âŒ›ğŸ“”,short hair,0,6,1
â€¼ï¸âš ï¸ğŸ,short smokestack,0,6,1
ğŸ¤ğŸ’µ,short smokestack,0,6,1
ğŸ›«ğŸ›¬,short smokestack,0,6,1
â³ğŸ“•,short smokestack,0,6,1
ğŸ¥²ğŸ¤âœˆï¸â›©ï¸,short smokestack,0,6,1
â³ğŸ•ğŸ‘©â€ğŸ¦³ğŸ§“,short smokestack,0,6,1
ğŸ©³ğŸ–ï¸,short smokestack,0,6,1
ğŸ¤ğŸ—£ï¸ğŸ“–,short smokestack,0,6,1
ğŸ”œğŸ“…,short supply,0,6,1
ğŸ©³ğŸ›³ï¸ğŸ’¨,short supply,0,6,1
ğŸ©³ğŸ—“ï¸,short supply,0,6,1
ğŸ¤ğŸ—£ï¸,short supply,0,6,1
ğŸ¤·ğŸ’¸ğŸ’¸ğŸ’¸,short supply,0,6,1
âŒšğŸ“–,short supply,0,6,1
âŒ›ğŸ“…,short supply,0,6,1
ğŸ¤ğŸ,short supply,0,6,1
â³âœˆï¸,short money,0,6,1
â³ğŸ“•,short money,0,6,1
â³âœˆï¸,short money,0,6,1
ğŸ¤ğŸ­,short money,0,6,1
ğŸ¥²ğŸ¤âœˆï¸â›©ï¸,short money,0,6,1
âŒ›ğŸ—“ï¸,short money,0,6,1
ğŸ¤ğŸ§³ğŸ›„,short money,0,6,1
ğŸ¤ğŸ’‡â€â™€ï¸,short money,0,6,1
ğŸ¤ğŸ’¡âš¡,short flight,0,6,1
ğŸ’°ğŸ’¸ğŸ˜”,short flight,0,6,1
â³ğŸ—“ï¸ğŸ“…,short flight,0,6,1
ğŸ©³ğŸ–ï¸,short flight,0,6,1
â¬ğŸ§¥ğŸ‘šğŸ‘•ğŸ‘–,short flight,0,6,1
â¬ğŸšğŸœ,short flight,0,6,1
ğŸ‘¨â€ğŸ‘©â€ğŸ‘§â€ğŸ‘§ğŸ‘‰ğŸ’€ğŸ‘¨â€ğŸ‘©â€ğŸ‘§,short flight,0,6,1
ğŸ›«ğŸ›¬,short flight,0,6,1
ğŸ¤ğŸ’²,short month,0,6,1
â³âœˆï¸,short month,0,6,1
ğŸ©³ğŸ›³ï¸ğŸ’¨,short month,0,6,1
ğŸ¤ğŸ–ï¸,short month,0,6,1
âŒâœï¸ğŸª“ğŸ”§,short month,0,6,1
ğŸ©³âœˆï¸,short month,0,6,1
â³ğŸ–ï¸âœˆï¸ğŸ§³,short month,0,6,1
ğŸ©³ğŸš,short month,0,6,1
ğŸ©³âœˆï¸,short story,0,6,1
â³ğŸ—“ï¸ğŸ“…,short story,0,6,1
ğŸ¤ğŸŒ¾,short story,0,6,1
ğŸ¤â˜ ï¸,short story,0,6,1
ğŸ¤â˜ ï¸,short story,0,6,1
ğŸ¤âŒ›ğŸ—“ï¸,short story,0,6,1
ğŸ¤ğŸ ğŸğŸ¥š,short story,0,6,1
ğŸ¤âœˆï¸,short story,0,6,1
ğŸ¤ğŸ’‡â€â™€ï¸,short life,0,6,1
ğŸ¤ğŸ’¡âš¡,short life,0,6,1
â†”ï¸ğŸï¸ğŸ¾ğŸ’†ğŸ§–ğŸ§˜,short life,0,6,1
â™¨ï¸ğŸ«ğŸ’¨,short life,0,6,1
â™¨ï¸ğŸ«ğŸ’¨,short life,0,6,1
ğŸ’‡â€â™€ï¸,short life,0,6,1
â†”ï¸ğŸï¸ğŸ¾ğŸ’†ğŸ§–ğŸ§˜,short life,0,6,1
ğŸ¤ğŸ”©âš™ï¸,short life,0,6,1
ğŸ˜–ğŸ¦¶,dirty job,0,6,1
ğŸ§â€â™‚ï¸ğŸ¤¢,dirty job,0,6,1
ğŸ‘ƒğŸ¦¶ğŸ¤¢,dirty job,0,6,1
ğŸ¦ ğŸ¤ğŸ¤‘ğŸ’¸ğŸ¦ ,dirty job,0,6,1
ğŸ˜‘ğŸ˜’ğŸ¥Š,dirty job,0,6,1
ğŸ‘ğŸšï¸,dirty job,0,6,1
ğŸ¤¢ğŸ¦¶,dirty job,0,6,1
ğŸ˜µâ€ğŸ’«ğŸ˜–ğŸ‘‰ğŸ›,dirty job,0,6,1
ğŸ‘ğŸšï¸,dirty foot,0,6,1
ğŸ¤¢ğŸ§³,dirty foot,0,6,1
ğŸ¤®ğŸ‘—ğŸ‘š,dirty foot,0,6,1
ğŸ‘ğŸ§¥,dirty foot,0,6,1
ğŸ’©ğŸ‘˜,dirty foot,0,6,1
ğŸ¤®ğŸ› ï¸,dirty foot,0,6,1
ğŸ’©ğŸ’¼,dirty foot,0,6,1
ğŸª ğŸš½ğŸ§¹,dirty foot,0,6,1
ğŸ¤¢ğŸ§³,dirty dish,0,6,1
ğŸ§¼ğŸ¦ ğŸšï¸,dirty dish,0,6,1
ğŸ˜µâ€ğŸ’«ğŸ˜–ğŸ‘‰ğŸ›,dirty dish,0,6,1
ğŸ˜£ğŸ”ğŸ’¸,dirty dish,0,6,1
ğŸ¤¢ğŸ§³,dirty dish,0,6,1
ğŸ¦ ğŸ›–ğŸ¦ ,dirty dish,0,6,1
ğŸ‘ğŸ¦¶,dirty dish,0,6,1
ğŸ˜µâ€ğŸ’«ğŸ˜–ğŸ‘‰ğŸ›,dirty dish,0,6,1
ğŸ’©ğŸ‘ŠğŸ¥Š,dirty slum,0,6,1
ğŸ¤¬ğŸ˜¡,dirty slum,0,6,1
ğŸ’©ğŸ’µğŸ’°,dirty slum,0,6,1
ğŸ˜µâ€ğŸ’«ğŸ˜–ğŸ‘‰ğŸ›,dirty slum,0,6,1
ğŸ’©ğŸ‘–,dirty slum,0,6,1
ğŸ¤®ğŸ¤¢ğŸ‘·â€â™‚ï¸,dirty slum,0,6,1
âŒâš–ï¸ğŸ’ªğŸ‘¨â€ğŸ¦²ğŸ’¢,dirty slum,0,6,1
ğŸš½ğŸ‘·ğŸ› ï¸,dirty slum,0,6,1
ğŸ’©ğŸ’¼,dirty work,0,6,1
ğŸ‘ğŸ§¥,dirty work,0,6,1
ğŸ˜ˆğŸ’µğŸ’µğŸš«ğŸ‘‰ğŸ‘®,dirty work,0,6,1
ğŸ§¼ğŸ‘•,dirty work,0,6,1
ğŸ¤¢ğŸ§³,dirty work,0,6,1
ğŸ¥µğŸ¦¶ğŸ’©,dirty work,0,6,1
ğŸ˜–ğŸ¦¶,dirty work,0,6,1
ğŸ‘¿ğŸ‘ŠğŸ¥ŠğŸ¤¼,dirty work,0,6,1
ğŸ¤®ğŸ¥‹,dirty money,0,6,1
ğŸ§¼ğŸ½ï¸ğŸ§«,dirty money,0,6,1
ğŸª ğŸš½ğŸ§¹ğŸ’°ğŸ‘µğŸ‘´,dirty money,0,6,1
âŒâš–ï¸ğŸ’ªğŸ‘¨â€ğŸ¦²ğŸ’¢,dirty money,0,6,1
ğŸ‘ğŸšï¸,dirty money,0,6,1
ğŸ¤®ğŸ‘—ğŸ‘š,dirty money,0,6,1
ğŸ§¼ğŸ¦¶,dirty money,0,6,1
âŒâš–ï¸ğŸ’ªğŸ‘¨â€ğŸ¦²ğŸ’¢,dirty money,0,6,1
ğŸ§¼ğŸ¦¶,dirty overall,0,6,1
ğŸ’©ğŸ’¸ğŸ ,dirty overall,0,6,1
ğŸ˜ˆğŸ’µğŸ’µğŸš«ğŸ‘‰ğŸ‘®,dirty overall,0,6,1
ğŸ§¼ğŸ¦¶,dirty overall,0,6,1
ğŸ¥µğŸ¦¶ğŸ’©,dirty overall,0,6,1
ğŸ¤®ğŸ½ï¸,dirty overall,0,6,1
ğŸ’©ğŸ‘£,dirty overall,0,6,1
ğŸ˜–ğŸ¦¶,dirty overall,0,6,1
ğŸ¤®ğŸ½ï¸,dirty fighter,0,6,1
ğŸ˜’ğŸ’°,dirty fighter,0,6,1
ğŸ’©ğŸ½ï¸,dirty fighter,0,6,1
ğŸ’©ğŸ’µğŸ’°,dirty fighter,0,6,1
ğŸ¤®ğŸ¦¶,dirty fighter,0,6,1
ğŸ¦ ğŸ›–ğŸ¦ ,dirty fighter,0,6,1
ğŸª ğŸš½ğŸ§¹,dirty fighter,0,6,1
ğŸ˜µâ€ğŸ’«ğŸ˜–ğŸ‘‰ğŸ›,dirty fighter,0,6,1
ğŸï¸,common procedure,0,6,1
ğŸ¤²ğŸ“±,common procedure,0,6,1
ğŸª°ğŸ˜,common procedure,0,6,1
ğŸ‘ğŸ‘¦ğŸ§‘â€ğŸ¦±,common procedure,0,6,1
ğŸ›ï¸ğŸ›ï¸ğŸ”„,common procedure,0,6,1
ğŸ§ ğŸ¤”ğŸ˜’,common procedure,0,6,1
ğŸ¤²â›µğŸ‘¨,common procedure,0,6,1
ğŸ‘©â€ğŸ’¼ğŸ—£ï¸ğŸ’¼,common procedure,0,6,1
ğŸ§‘â€âœˆï¸ğŸš¤,common knowledge,0,6,1
ğŸ‘ğŸ‘¦ğŸ§‘â€ğŸ¦±,common knowledge,0,6,1
ğŸ‘¥â›°ï¸,common knowledge,0,6,1
ğŸ¤²â›µğŸ‘¨,common knowledge,0,6,1
ğŸ‘¥ğŸª°,common knowledge,0,6,1
ğŸ›ï¸ğŸ›ï¸ğŸ”„,common knowledge,0,6,1
â–¶ï¸ğŸ‘¦ğŸ‘¦ğŸ‘¦,common knowledge,0,6,1
ğŸ¤²â›µğŸ‘¨,common knowledge,0,6,1
ğŸ–¥ï¸,common land,0,6,1
ğŸ‘¥ğŸ˜©,common land,0,6,1
ğŸ‘¥ğŸª°,common land,0,6,1
ğŸ‘©â€ğŸ’¼ğŸ—£ï¸ğŸ’¼,common land,0,6,1
ğŸ‘¥ğŸ”ƒ,common land,0,6,1
ğŸ¤²â›µğŸ‘¨,common land,0,6,1
ğŸ‘“ğŸ‘ğŸ‘—ğŸ‘”Â©ï¸,common land,0,6,1
ğŸ‘¥ğŸ—£ï¸,common land,0,6,1
ğŸª°,common nuisance,0,6,1
ğŸ¤²ğŸ“±,common nuisance,0,6,1
ğŸª°ğŸ˜,common nuisance,0,6,1
ğŸ‘¥â›°ï¸,common nuisance,0,6,1
ğŸ‘“ğŸ‘ğŸ‘—ğŸ‘”Â©ï¸,common nuisance,0,6,1
ğŸ§ğŸ§ ,common nuisance,0,6,1
ğŸ‘¥ğŸª°,common nuisance,0,6,1
ğŸ”„ğŸ§‘â€âš•ï¸ğŸ’‰,common nuisance,0,6,1
ğŸ§ğŸ§ğŸ¤·,common sailor,0,6,1
ğŸ¥¸ğŸ‘«ğŸ¤²,common sailor,0,6,1
ğŸ—£ï¸âœ…ğŸ†—,common sailor,0,6,1
ğŸ‘©â€ğŸ’¼ğŸ—£ï¸ğŸ’¼,common sailor,0,6,1
ğŸ§ ğŸ§ ğŸŒ,common sailor,0,6,1
ğŸ¤²ğŸ“±,common sailor,0,6,1
ğŸ˜¬ğŸ“‹1ï¸âƒ£2ï¸âƒ£3ï¸âƒ£,common sailor,0,6,1
ğŸ˜¬ğŸ“‹1ï¸âƒ£2ï¸âƒ£3ï¸âƒ£,common sailor,0,6,1
ğŸ‘¨,common housefly,0,6,1
ğŸ¤²ğŸ‘¨,common housefly,0,6,1
ğŸ¤ğŸï¸,common housefly,0,6,1
ğŸ–¥ï¸,common housefly,0,6,1
â–¶ï¸ğŸ§ ,common housefly,0,6,1
ğŸï¸,common housefly,0,6,1
ğŸ¤²â›µğŸ‘¨,common housefly,0,6,1
ğŸ¤ğŸï¸,common housefly,0,6,1
ğŸï¸,common man,0,6,1
ğŸ‘ğŸ‘¦ğŸ§‘â€ğŸ¦±,common man,0,6,1
ğŸ˜¬ğŸ“‹1ï¸âƒ£2ï¸âƒ£3ï¸âƒ£,common man,0,6,1
ğŸ˜¬ğŸ“‹1ï¸âƒ£2ï¸âƒ£3ï¸âƒ£,common man,0,6,1
ğŸ‘¥â›°ï¸,common man,0,6,1
ğŸª°,common man,0,6,1
â–¶ï¸ğŸ§ ,common man,0,6,1
ğŸŒğŸ‡¦ğŸ‡½ğŸ‡®ğŸ‡´ğŸ‡»ğŸ‡¬ğŸ‡§ğŸ‡¶ğŸ‡§ğŸ‡¶ğŸ‡°ğŸ‡¾,common man,0,6,1
ğŸ‘¥ğŸª°ğŸª³ğŸ•·ï¸ğŸ‘¥,common parlance,0,6,1
ğŸ‘¥ğŸ“šğŸ“–ğŸ‘¥,common parlance,0,6,1
ğŸ¤ğŸï¸,common parlance,0,6,1
â–¶ï¸ğŸ‘¦ğŸ‘¦ğŸ‘¦,common parlance,0,6,1
ğŸ‘¨â€âœˆï¸âš“,common parlance,0,6,1
ğŸ‘¥ğŸª°ğŸª³ğŸ•·ï¸ğŸ‘¥,common parlance,0,6,1
ğŸ¤¬,common parlance,0,6,1
â–¶ï¸ğŸ‘¦ğŸ‘¦ğŸ‘¦,common parlance,0,6,1
ğŸï¸,common brand,0,6,1
ğŸ¥¸ğŸ‘«ğŸ¤²,common brand,0,6,1
ğŸ‘¥ğŸ’‰ğŸ©ºğŸ©¹ğŸ©¸ğŸ§‘â€âš•ï¸ğŸ‘¥,common brand,0,6,1
ğŸ““ğŸ“”ğŸ’¬ğŸ’­,common brand,0,6,1
ğŸ¤²ğŸ¤,common brand,0,6,1
ğŸ““ğŸ“”ğŸ’¬ğŸ’­,common brand,0,6,1
ğŸ‘¥ğŸ’‰ğŸ©ºğŸ©¹ğŸ©¸ğŸ§‘â€âš•ï¸ğŸ‘¥,common brand,0,6,1
ğŸ˜¬ğŸ“‹1ï¸âƒ£2ï¸âƒ£3ï¸âƒ£,common brand,0,6,1
ğŸ’¥ğŸ‹ï¸,heavy metal,0,6,1
ğŸ‹ğŸ»ğŸšœğŸ§³,heavy metal,0,6,1
ğŸŒ«ï¸ğŸ˜¶â€ğŸŒ«ï¸,heavy metal,0,6,1
ğŸ’¥ğŸ‹ï¸,heavy metal,0,6,1
ğŸŒ«ï¸ğŸ’¨,heavy metal,0,6,1
ğŸ’ªğŸ‘›,heavy metal,0,6,1
ğŸŒ«ï¸ğŸŒâœ–ï¸ğŸ’¯,heavy metal,0,6,1
ğŸ¤˜,heavy load,0,6,1
ğŸ‹ï¸âš™ï¸,heavy load,0,6,1
ğŸ‹ğŸ»ğŸ› ï¸âš“ğŸ”—ğŸ”©âš”ï¸,heavy load,0,6,1
âš’ï¸â›“ï¸,heavy load,0,6,1
ğŸŒ«ï¸ğŸ˜¶â€ğŸŒ«ï¸,heavy load,0,6,1
ğŸ˜“ğŸ˜¶â€ğŸŒ«ï¸,heavy load,0,6,1
ğŸŒ«ï¸ğŸ¤¨,heavy load,0,6,1
âš–ï¸âš™ï¸,heavy fog,0,6,1
âš’ï¸â›“ï¸,heavy fog,0,6,1
ğŸ‹ï¸ğŸ’,heavy fog,0,6,1
ğŸ˜“ğŸ“¦,heavy fog,0,6,1
ğŸ‹ğŸ»ğŸ› ï¸âš“ğŸ”—ğŸ”©âš”ï¸,heavy fog,0,6,1
âš–ï¸ğŸ”—,heavy fog,0,6,1
âš’ï¸â›“ï¸,heavy fog,0,6,1
ğŸ‘©â€ğŸ‘©â€ğŸ‘§â€ğŸ‘§ğŸ‘¨â€ğŸ‘¨â€ğŸ‘§â€ğŸ‘§ğŸ‘¨â€ğŸ‘©â€ğŸ‘§â€ğŸ‘§ğŸ“ˆ,ample food,0,6,1
ğŸ™†ğŸ»â€â™€ï¸ğŸ©³,ample food,0,6,1
ğŸ˜Š,ample food,0,6,1
ğŸ¤°ğŸ“ˆ,ample food,0,6,1
ğŸ‘©â€ğŸ‘©â€ğŸ‘§â€ğŸ‘§ğŸ‘¨â€ğŸ‘¨â€ğŸ‘§â€ğŸ‘§ğŸ‘¨â€ğŸ‘©â€ğŸ‘§â€ğŸ‘§ğŸ“ˆ,ample food,0,6,1
ğŸ“‰ğŸ“‹âœ…,ample food,0,6,1
ğŸğŸŒğŸ¥ğŸŒ®ğŸ¥ªğŸ¥¨ğŸ§€ğŸ¥šğŸ¥ğŸ¥¬ğŸŒ¶ï¸ğŸ¢ğŸ§‹ğŸŒ°ğŸªğŸ‚ğŸ¥‚ğŸ¨,ample food,0,6,1
ğŸ‘ŒğŸ»ğŸ”’,ample food,0,6,1
ğŸ¤ŒğŸ»ğŸ‘—,ample supply,0,6,1
ğŸ”ğŸŒ­ğŸŒ®ğŸ˜Š,ample supply,0,6,1
ğŸ‘ŒğŸ»ğŸ½ï¸ğŸ,ample supply,0,6,1
ğŸ‘ŒğŸ»ğŸ½ï¸ğŸ,ample supply,0,6,1
ğŸ‘ŒğŸ»ğŸ½ï¸ğŸ,ample supply,0,6,1
ğŸ‘ğŸ¤°,ample supply,0,6,1
ğŸ’¸ğŸ¦ğŸ’µğŸª™ğŸ’°ğŸ’¹ğŸ§ğŸ’²ğŸ’³ğŸ¤‘,ample supply,0,6,1
ğŸ¤°ğŸ“ˆ,ample supply,0,6,1
ğŸ‘ŒğŸ»ğŸ”’,ample waistline,0,6,1
ğŸ‘ğŸ“ˆ,ample waistline,0,6,1
ğŸ‘ğŸ“ˆ,ample waistline,0,6,1
ğŸ‘©â€ğŸ‘©â€ğŸ‘§â€ğŸ‘§ğŸ‘¨â€ğŸ‘¨â€ğŸ‘§â€ğŸ‘§ğŸ‘¨â€ğŸ‘©â€ğŸ‘§â€ğŸ‘§ğŸ“ˆ,ample waistline,0,6,1
ğŸ“‰ğŸ“‹âœ…,ample waistline,0,6,1
ğŸ“‰ğŸ“‹âœ…,ample waistline,0,6,1
ğŸ‘ğŸ˜‹,ample waistline,0,6,1
ğŸ‘ğŸ“ˆ,ample waistline,0,6,1
ğŸ‘ğŸ¤¬,remarkable sight,0,6,1
ğŸ˜¤ğŸ—£ï¸ğŸ’¬,remarkable sight,0,6,1
ğŸ‘ğŸ˜ ğŸ˜¡ğŸ˜¤,remarkable sight,0,6,1
ğŸ‘ğŸ˜ ğŸ˜¡ğŸ˜¤,remarkable sight,0,6,1
ğŸ‘ğŸ¤¬,remarkable sight,0,6,1
ğŸ‘ğŸšª,remarkable sight,0,6,1
ğŸ‘ğŸšª,remarkable sight,0,6,1
ğŸ—£ï¸ğŸ§â€â™€ï¸ğŸ‘,remarkable sight,0,6,1
ğŸ˜¥ğŸ˜Ÿ,dull mood,0,6,1
ğŸ˜‘ğŸ¥±ğŸ“†,dull mood,0,6,1
ğŸ˜¥ğŸ˜Ÿ,dull mood,0,6,1
ğŸ˜¥ğŸ˜Ÿ,dull mood,0,6,1
ğŸ˜¥ğŸ˜Ÿ,dull mood,0,6,1
ğŸŒ«ï¸ğŸª™,dull mood,0,6,1
ğŸ˜¥ğŸ˜Ÿ,dull mood,0,6,1
ğŸŒ«ï¸,dull mood,0,6,1
ğŸ˜‘ğŸ¥±ğŸ“†,dull play,0,6,1
ğŸ˜‘ğŸ¥±ğŸ“†,dull play,0,6,1
â–ªï¸ğŸ’,dull play,0,6,1
ğŸ‘ğŸŒŸ,dull play,0,6,1
ğŸŒ«ï¸ğŸ¥ˆ,dull play,0,6,1
ğŸŒ«ï¸â­,dull play,0,6,1
ğŸ‘ğŸŒŸ,dull play,0,6,1
ğŸŒ«ï¸ğŸŒŸ,dull play,0,6,1
ğŸ’¡âŒğŸŒŸ,dull sky,0,6,1
ğŸ‘ğŸŒŸ,dull sky,0,6,1
ğŸ˜“,dull sky,0,6,1
ğŸ¥ˆğŸ˜”,dull sky,0,6,1
ğŸ¥ˆâš™ï¸ğŸŒ‘,dull sky,0,6,1
ğŸ’¡ğŸ•¶ï¸ğŸ˜’,dull sky,0,6,1
ğŸ¥ˆğŸ˜”,dull sky,0,6,1
ğŸŒ«ï¸ğŸ¥ˆ,dull sky,0,6,1
ğŸ˜‘:pinata:ğŸ§¸,dull silver,0,6,1
ğŸ’¡âŒğŸŒŸ,dull silver,0,6,1
ğŸ’¡âŒğŸŒŸ,dull silver,0,6,1
ğŸ˜’ğŸŒ«ï¸,dull silver,0,6,1
ğŸ’¡âŒğŸŒŸ,dull silver,0,6,1
ğŸ˜‘ğŸ¥±âš½,dull silver,0,6,1
ğŸŒ‘ğŸŒƒ,dull silver,0,6,1
âŒğŸ’¡ğŸ•¯ï¸,dull silver,0,6,1
ğŸ¥ˆâš™ï¸ğŸŒ‘,dull day,0,6,1
ğŸŒ‘ğŸŒƒ,dull day,0,6,1
ğŸ‘ğŸŒŸ,dull day,0,6,1
ğŸŒ‘ğŸŒƒ,dull day,0,6,1
ğŸŒ«ï¸ğŸª™,dull day,0,6,1
ğŸŒ‘ğŸŒƒ,dull day,0,6,1
ğŸ˜”ğŸ˜ª,dull day,0,6,1
ğŸ˜‘:pinata:ğŸ§¸,dull day,0,6,1
ğŸŒ«ï¸ğŸ´ğŸ¥„,dull glow,0,6,1
ğŸ¥ˆâš™ï¸ğŸŒ‘,dull glow,0,6,1
ğŸ’âŒğŸŒŸ,dull glow,0,6,1
ğŸ˜’âš½,dull glow,0,6,1
ğŸ˜‘ğŸ¥±ğŸ“†,dull glow,0,6,1
ğŸ˜‘ğŸ“…,dull glow,0,6,1
ğŸ’âŒğŸŒŸ,dull glow,0,6,1
ğŸ˜‘:pinata:ğŸ§¸,dull glow,0,6,1
ğŸ›‹ï¸â˜•ğŸ–¥ï¸,cozy nook,0,6,1
ğŸ›‹ï¸â˜•ğŸ–¥ï¸,cozy nook,0,6,1
ğŸ˜´ğŸ›‹ï¸,cozy nook,0,6,1
ğŸ›‹ï¸â˜•ğŸ–¥ï¸,cozy nook,0,6,1
ğŸ›ï¸ğŸ›‹ï¸:zzz:ğŸ•¯ï¸,cozy nook,0,6,1
ğŸ˜ŠğŸ ,cozy nook,0,6,1
ğŸ›‹ï¸â˜•ğŸ–¥ï¸,cozy nook,0,6,1
ğŸ›‹ï¸â˜•ğŸ–¥ï¸,cozy nook,0,6,1
ğŸ¥°ğŸ›‹ï¸,cozy room,0,6,1
ğŸ˜´ğŸ›‹ï¸,cozy room,0,6,1
ğŸ¥°ğŸ›‹ï¸,cozy room,0,6,1
ğŸ¥°ğŸ›‹ï¸,cozy room,0,6,1
ğŸ˜„,cozy room,0,6,1
ğŸ¥°ğŸ›‹ï¸,cozy room,0,6,1
ğŸ¥°ğŸ›‹ï¸,cozy room,0,6,1
ğŸğŸ‚ğŸ”¥,cozy room,0,6,1
â†˜ï¸ğŸ™‡ğŸ™‡â€â™€ï¸ğŸ™‡â€â™‚ï¸,low hill,0,6,1
â†˜ï¸ğŸ’²ğŸ’¸,low hill,0,6,1
â†˜ï¸ğŸ™‡ğŸ™‡â€â™€ï¸ğŸ™‡â€â™‚ï¸,low hill,0,6,1
â†˜ï¸ğŸ™‡ğŸ™‡â€â™€ï¸ğŸ™‡â€â™‚ï¸,low hill,0,6,1
ğŸ”»ğŸª‘ğŸ›‹ï¸,low hill,0,6,1
â†˜ï¸ğŸ™‡â€â™€ï¸,low hill,0,6,1
â†˜ï¸ğŸ™‡ğŸ™‡â€â™€ï¸ğŸ™‡â€â™‚ï¸,low hill,0,6,1
â†˜ï¸â˜ï¸,low hill,0,6,1
â†˜ï¸ğŸ™‡ğŸ™‡â€â™€ï¸ğŸ™‡â€â™‚ï¸,low sun,0,6,1
â†˜ï¸ğŸ”ï¸,low sun,0,6,1
ğŸ™…â€â™€ï¸ğŸ™…â€â™€ï¸ğŸ™…â€â™€ï¸,low sun,0,6,1
â†˜ï¸â˜ï¸,low sun,0,6,1
â†˜ï¸ğŸ’²ğŸ’¸,low sun,0,6,1
â†˜ï¸ğŸ‘ğŸ™ğŸ˜¦,low sun,0,6,1
â†˜ï¸ğŸ’ºğŸ›ï¸,low sun,0,6,1
â¬‡ï¸ğŸš£â€â™€ï¸ğŸŒŠ,low sun,0,6,1
ğŸ’§ğŸ§Šâ„ï¸,low supply,0,6,1
â¬‡ï¸â˜ï¸,low supply,0,6,1
ğŸ”»ğŸª‘ğŸ›‹ï¸,low supply,0,6,1
â†˜ï¸â˜€ï¸ğŸŒğŸŒ¥ï¸ğŸ”…,low supply,0,6,1
ğŸ’§ğŸ§Šâ„ï¸,low supply,0,6,1
ğŸ¤‘ğŸ¤‘ğŸ¤‘ğŸ§§,low supply,0,6,1
â†˜ï¸â˜€ï¸ğŸŒğŸŒ¥ï¸ğŸ”…,low supply,0,6,1
ğŸ ğŸ’¥,low supply,0,6,1
â†˜ï¸ğŸ™‡ğŸ™‡â€â™€ï¸ğŸ™‡â€â™‚ï¸,low cloud,0,6,1
ğŸª‘ğŸª‘â¬‡ï¸,low cloud,0,6,1
ğŸ’²ğŸ¤‘ğŸ¤‘,low cloud,0,6,1
â¬‡ï¸0ï¸âƒ£,low cloud,0,6,1
â†˜ï¸ğŸ™‡ğŸ™‡â€â™€ï¸ğŸ™‡â€â™‚ï¸,low cloud,0,6,1
â†˜ï¸ğŸ‘ğŸ™ğŸ˜¦,low cloud,0,6,1
â†˜ï¸ğŸ’²ğŸ’¸,low cloud,0,6,1
â†˜ï¸ğŸ’ºğŸ›ï¸,low cloud,0,6,1
â†˜ï¸ğŸ’ºğŸ›ï¸,low ceiling,0,6,1
ğŸ‘‡â˜ï¸,low ceiling,0,6,1
ğŸŒ›â†˜ï¸,low ceiling,0,6,1
ğŸ”»ğŸ—»,low ceiling,0,6,1
â†˜ï¸ğŸ’ºğŸ›ï¸,low ceiling,0,6,1
ğŸ”ï¸,low ceiling,0,6,1
â¬‡ï¸â˜ï¸,low ceiling,0,6,1
ğŸ“‰ğŸ“¦,low ceiling,0,6,1
ğŸ™…â€â™€ï¸ğŸ™…â€â™€ï¸ğŸ™…â€â™€ï¸,low bow,0,6,1
ğŸŒ›â†˜ï¸,low bow,0,6,1
â†˜ï¸ğŸ”ï¸,low bow,0,6,1
ğŸŒ…ğŸŒ…ğŸŒ…,low bow,0,6,1
ğŸ”»â˜ï¸,low bow,0,6,1
â†˜ï¸ğŸŒ«ï¸,low bow,0,6,1
ğŸ”»ğŸ¢,low bow,0,6,1
ğŸ“‰ğŸ“‰,low bow,0,6,1
â†˜ï¸ğŸ™‡ğŸ™‡â€â™€ï¸ğŸ™‡â€â™‚ï¸,low reservoir,0,6,1
â†˜ï¸ğŸ™‡ğŸ™‡â€â™€ï¸ğŸ™‡â€â™‚ï¸,low reservoir,0,6,1
ğŸ˜±ğŸ›ï¸ğŸ›’,low reservoir,0,6,1
â†˜ï¸ğŸ™‡ğŸ™‡â€â™€ï¸ğŸ™‡â€â™‚ï¸,low reservoir,0,6,1
â†˜ï¸ğŸ›‹ï¸,low reservoir,0,6,1
ğŸ’²ğŸ¤‘ğŸ¤‘,low reservoir,0,6,1
ğŸ’§ğŸ§Šâ„ï¸,low reservoir,0,6,1
â†˜ï¸ğŸ˜ï¸,low reservoir,0,6,1
â†˜ï¸ğŸ™‡ğŸ™‡â€â™€ï¸ğŸ™‡â€â™‚ï¸,low price,0,6,1
ğŸ”»ğŸª‘ğŸ›‹ï¸,low price,0,6,1
â†˜ï¸ğŸ‘ğŸ™ğŸ˜¦,low price,0,6,1
â†˜ï¸ğŸ™‡ğŸ™‡â€â™€ï¸ğŸ™‡â€â™‚ï¸,low price,0,6,1
â†˜ï¸ğŸ™‡ğŸ™‡â€â™€ï¸ğŸ™‡â€â™‚ï¸,low price,0,6,1
ğŸ’§ğŸ§Šâ„ï¸,low price,0,6,1
â¬‡ï¸ğŸš£â€â™€ï¸ğŸŒŠ,low price,0,6,1
â†˜ï¸ğŸ˜ï¸,low price,0,6,1
â†˜ï¸ğŸ™‡ğŸ™‡â€â™€ï¸ğŸ™‡â€â™‚ï¸,low furniture,0,6,1
â†˜ï¸ğŸ™‡ğŸ™‡â€â™€ï¸ğŸ™‡â€â™‚ï¸,low furniture,0,6,1
â†˜ï¸ğŸ™‡ğŸ™‡â€â™€ï¸ğŸ™‡â€â™‚ï¸,low furniture,0,6,1
â¬‡ï¸ğŸ’²,low furniture,0,6,1
â†˜ï¸ğŸ’²ğŸ’¸,low furniture,0,6,1
ğŸ ğŸ’¥,low furniture,0,6,1
â†˜ï¸ğŸ’²ğŸ’¸,low furniture,0,6,1
ğŸ“‰â˜€ï¸,low furniture,0,6,1
âš–ï¸â—â—â—,critical illness,0,6,1
âš›ï¸ğŸ§«â€¼ï¸,critical illness,0,6,1
ğŸš¨ğŸ‹ï¸â€â™€ï¸,critical illness,0,6,1
ğŸ”¥ğŸ’§â„ï¸âš¡ğŸ‰,critical illness,0,6,1
ğŸš¨ğŸŒ¡ï¸,critical illness,0,6,1
ğŸ¤âš›ï¸â—,critical illness,0,6,1
ğŸ˜°ğŸ˜°,critical illness,0,6,1
â—ğŸŒ¡ï¸,critical illness,0,6,1
âŒğŸâ˜ ï¸,critical mass,0,6,1
ğŸ“ˆğŸ“‰â—â—,critical mass,0,6,1
ğŸš¨ğŸ“‰,critical mass,0,6,1
ğŸ“ˆğŸ“‰â—â—,critical mass,0,6,1
ğŸ¤•ğŸ§‘â€âš•ï¸ğŸ’ŠğŸ˜·ğŸ¦ ğŸª¦,critical mass,0,6,1
ğŸ“ˆğŸ“‰â—â—,critical mass,0,6,1
ğŸ˜°ğŸ˜°,critical mass,0,6,1
â—â—ğŸŒ¡ï¸ğŸŒ¡ï¸ğŸŒ¡ï¸,critical mass,0,6,1
âš–ï¸âš ï¸âš ï¸,critical stage,0,6,1
ğŸ¤•ğŸ§‘â€âš•ï¸ğŸ’ŠğŸ˜·ğŸ¦ ğŸª¦,critical stage,0,6,1
ğŸ‰ğŸ†˜,critical stage,0,6,1
ğŸ—ï¸âš ï¸âš ï¸,critical stage,0,6,1
ğŸ¤’ğŸ¥,critical stage,0,6,1
â—ğŸŒ¡ï¸,critical stage,0,6,1
ğŸ¤¢ğŸ¤¢,critical stage,0,6,1
âš–ï¸â—â—â—,critical stage,0,6,1
âš–ï¸â—â—â—,critical temperature,0,6,1
âš–ï¸âš ï¸âš ï¸,critical temperature,0,6,1
âŒ›âŒğŸ§º,critical temperature,0,6,1
ğŸ—ï¸âš ï¸âš ï¸,critical temperature,0,6,1
ğŸ¤’ğŸš¨,critical temperature,0,6,1
âš›ï¸ğŸ§«â€¼ï¸,critical temperature,0,6,1
ğŸ—ï¸âš ï¸âš ï¸,critical temperature,0,6,1
â—ğŸš¶,critical temperature,0,6,1
ğŸ¤•ğŸ§‘â€âš•ï¸ğŸ’ŠğŸ˜·ğŸ¦ ğŸª¦,critical shortage,0,6,1
âš–ï¸â—â—â—,critical shortage,0,6,1
ğŸ¤•ğŸ§‘â€âš•ï¸ğŸ’ŠğŸ˜·ğŸ¦ ğŸª¦,critical shortage,0,6,1
ğŸ¤•ğŸ§‘â€âš•ï¸ğŸ’ŠğŸ˜·ğŸ¦ ğŸª¦,critical shortage,0,6,1
â€¼ï¸âš–ï¸,critical shortage,0,6,1
ğŸ“ˆâ—,critical shortage,0,6,1
ğŸ‘©â€ğŸ”¬â—,critical shortage,0,6,1
âš–ï¸ğŸ‘©â€âš–ï¸ğŸ‘¨â€âš–ï¸,critical shortage,0,6,1
ğŸ¤•ğŸ§‘â€âš•ï¸ğŸ’ŠğŸ˜·ğŸ¦ ğŸª¦,critical element,0,6,1
ğŸ¤•ğŸ§‘â€âš•ï¸ğŸ’ŠğŸ˜·ğŸ¦ ğŸª¦,critical element,0,6,1
âš–ï¸âš ï¸âš ï¸,critical element,0,6,1
âš–ï¸â—â—â—,critical element,0,6,1
ğŸ˜°ğŸ˜°,critical element,0,6,1
â—â—ğŸŒ¡ï¸ğŸŒ¡ï¸ğŸŒ¡ï¸,critical element,0,6,1
ğŸ˜·ğŸ¤’ğŸ¤•,critical element,0,6,1
ğŸ¤®ğŸ¤’ğŸŒ¡ï¸ğŸŒ¡ï¸,critical element,0,6,1
ğŸ’¨ğŸ‘ï¸âŒ,thick soup,0,6,1
ğŸ¦ğŸ¦ğŸ¦,thick soup,0,6,1
âœˆï¸ğŸ™ˆ,thick soup,0,6,1
ğŸ§´ğŸ’ª,thick soup,0,6,1
ğŸ’¨ğŸš¬,thick soup,0,6,1
ğŸŒ«ï¸ğŸŒ«ï¸ğŸŒ«ï¸,thick soup,0,6,1
ğŸ’¨ğŸš¬,thick soup,0,6,1
ğŸ’¨,thick soup,0,6,1
ğŸ¥«ğŸ¦,thick smoke,0,6,1
ğŸ“ğŸ¦ğŸ¦,thick smoke,0,6,1
ğŸ¦ğŸ¦ğŸ¦,thick smoke,0,6,1
ğŸ“ğŸ¥£,thick smoke,0,6,1
ğŸŒ«ï¸ğŸŒ«ï¸ğŸŒ«ï¸,thick smoke,0,6,1
ğŸ“ğŸŒ«ï¸ğŸŒ«ï¸ğŸŒ«ï¸ğŸŒğŸŒ,thick smoke,0,6,1
ğŸ¦ğŸ¥«ğŸ¦ğŸ¦ğŸ¦ğŸ¦,thick smoke,0,6,1
ğŸ§,thick smoke,0,6,1
ğŸ«•ğŸ«•ğŸ«•,thick cream,0,6,1
ğŸŒ«ï¸ğŸ˜¶â€ğŸŒ«ï¸,thick cream,0,6,1
ğŸ“ğŸŒ«ï¸ğŸŒ«ï¸ğŸŒ«ï¸ğŸŒğŸŒ,thick cream,0,6,1
ğŸ¥£,thick cream,0,6,1
ğŸ’¦ğŸ¥£,thick cream,0,6,1
ğŸŒ«ï¸ğŸŒ«ï¸,thick cream,0,6,1
ğŸ’¨ğŸ‘ï¸âŒ,thick cream,0,6,1
ğŸ’¨,thick cream,0,6,1
ğŸ’¦ğŸ¥£,thick fog,0,6,1
ğŸ’¨ğŸ‘ï¸âŒ,thick fog,0,6,1
ğŸ”¥ğŸ’¨ğŸ’¨ğŸ’¨ğŸ’¨,thick fog,0,6,1
ğŸŒ‹ğŸŒ‹ğŸŒ‹ğŸ˜·,thick fog,0,6,1
ğŸ“ğŸ¥£,thick fog,0,6,1
ğŸ“ğŸ¦ğŸ¦,thick fog,0,6,1
ğŸ’¨ğŸ’¨ğŸ’¨ğŸ˜¤ğŸŒ‹ğŸš¬ğŸ˜¤,thick fog,0,6,1
ğŸ¦,thick fog,0,6,1
ğŸ™…â€â™€ï¸ğŸ›£ï¸,wrong paper,0,6,1
âŒâ„¹ï¸,wrong paper,0,6,1
âŒğŸ›£ï¸,wrong paper,0,6,1
ğŸ™…â€â™‚ï¸ğŸ¤”,wrong paper,0,6,1
ğŸ™…â€â™€ï¸ğŸ’”,wrong paper,0,6,1
âŒğŸ“ğŸ“‹,wrong paper,0,6,1
ğŸ™…â€â™€ï¸ğŸ›£ï¸,wrong paper,0,6,1
ğŸ™…â€â™€ï¸ğŸ•°ï¸,wrong paper,0,6,1
âŒğŸ“ğŸ“‹,wrong road,0,6,1
âŒğŸ’ŠğŸ¤’,wrong road,0,6,1
ğŸ™…ğŸ‘©â€â¤ï¸â€ğŸ’‹â€ğŸ‘¨ğŸ’”,wrong road,0,6,1
âŒğŸ“ƒ,wrong road,0,6,1
ğŸ‘ğŸ“,wrong road,0,6,1
âŒğŸ“ğŸ“‹,wrong road,0,6,1
âŒğŸ’ŠğŸ¤’,wrong road,0,6,1
âŒâ±ï¸â°,wrong road,0,6,1
âŒâ°,wrong cheating,0,6,1
ğŸ™…â€â™€ï¸ğŸ›£ï¸,wrong cheating,0,6,1
ğŸ™…â€â™‚ï¸ğŸ¤”,wrong cheating,0,6,1
âŒğŸ“„,wrong cheating,0,6,1
ğŸ™…â€â™‚ï¸ğŸ’Š,wrong cheating,0,6,1
âŒâ„¹ï¸,wrong cheating,0,6,1
ğŸ™…â€â™‚ï¸ğŸ“‘ğŸ—‚ï¸,wrong cheating,0,6,1
ğŸ¤¦âŒš,wrong cheating,0,6,1
âŒğŸ›£ï¸,wrong way,0,6,1
âŒğŸ“ƒ,wrong way,0,6,1
âŒğŸ¤”,wrong way,0,6,1
âŒâ„¹ï¸,wrong way,0,6,1
ğŸ™…â€â™‚ï¸ğŸ˜ˆğŸ¤«âœï¸ğŸ“„ğŸ“šğŸ’¯,wrong way,0,6,1
âŒğŸ§ ,wrong way,0,6,1
ğŸ™…â€â™‚ï¸ğŸ›£ï¸,wrong way,0,6,1
âŒğŸ›£ï¸,wrong way,0,6,1
ğŸ™…â€â™‚ï¸â±ï¸,wrong medicine,0,6,1
âŒâ„¹ï¸,wrong medicine,0,6,1
âŒğŸ›£ï¸,wrong medicine,0,6,1
âŒğŸ“ƒ,wrong medicine,0,6,1
ğŸ‘ğŸ“,wrong medicine,0,6,1
âŒğŸ“ƒ,wrong medicine,0,6,1
ğŸ™…â€â™‚ï¸ğŸ›£ï¸,wrong medicine,0,6,1
âŒâ„¹ï¸,wrong medicine,0,6,1
âŒğŸ›£ï¸,wrong information,0,6,1
âŒğŸ’ŠğŸ¤’,wrong information,0,6,1
âŒğŸ’Š,wrong information,0,6,1
âŒâ†—ï¸ğŸ—ºï¸,wrong information,0,6,1
âŒğŸ‘€ğŸ§ ,wrong information,0,6,1
ğŸ™…ğŸ‘©â€â¤ï¸â€ğŸ’‹â€ğŸ‘¨ğŸ’”,wrong information,0,6,1
âŒğŸ’Š,wrong information,0,6,1
âŒğŸ’Š,wrong information,0,6,1
âŒğŸ›£ï¸,wrong assumption,0,6,1
ğŸ™…â€â™€ï¸ğŸ›£ï¸,wrong assumption,0,6,1
âŒğŸ›£ï¸,wrong assumption,0,6,1
âŒâ°,wrong assumption,0,6,1
ğŸ™…â€â™€ï¸ğŸ›£ï¸,wrong assumption,0,6,1
âŒâ°,wrong assumption,0,6,1
âŒğŸ›£ï¸,wrong assumption,0,6,1
ğŸ¤¦âŒš,wrong assumption,0,6,1
ğŸ™…â€â™€ï¸ğŸ›£ï¸,wrong time,0,6,1
ğŸ™…â€â™‚ï¸ğŸ“„,wrong time,0,6,1
âŒğŸ“ƒ,wrong time,0,6,1
âŒğŸ‘€ğŸ§ ,wrong time,0,6,1
âŒğŸ’­â“,wrong time,0,6,1
âŒğŸ‘€ğŸ§ ,wrong time,0,6,1
âŒğŸ’ŠğŸ¤’,wrong time,0,6,1
ğŸ˜ğŸ‘,wrong time,0,6,1
â™¨ï¸ğŸ¦¶ğŸ¦µğŸ‘ƒğŸ‘‚ğŸ–ï¸,warm support,0,6,1
ğŸ§¥ğŸ¥µ,warm support,0,6,1
â™¨ï¸âš–ï¸,warm support,0,6,1
ğŸ‘„ğŸ¤¯,warm support,0,6,1
ğŸ¥µğŸ¥¼,warm support,0,6,1
ğŸ¤’,warm support,0,6,1
â™¨ï¸ğŸ¤—ğŸ¤,warm support,0,6,1
ğŸŒ¡ï¸ğŸ—£ï¸ğŸ—£ï¸,warm support,0,6,1
ğŸ‘ğŸ§¥âŒğŸ¥¶,warm greeting,0,6,1
ğŸ§ ğŸ—£ï¸ğŸ’¥,warm greeting,0,6,1
ğŸŒ¡ï¸ğŸ ,warm greeting,0,6,1
ğŸ‘ªğŸ¥°,warm greeting,0,6,1
ğŸ‘ŠğŸ§‘â€ğŸ¤â€ğŸ§‘,warm greeting,0,6,1
ğŸ—£ï¸ğŸ”¥ğŸ—£ï¸,warm greeting,0,6,1
â˜€ï¸ğŸŒ¡ï¸ğŸ“ˆ,warm greeting,0,6,1
ğŸ¥µğŸ¤ğŸ‘‹,warm greeting,0,6,1
ğŸ‘ğŸ§¥âŒğŸ¥¶,warm debate,0,6,1
ğŸŒ¡ï¸ğŸ§,warm debate,0,6,1
ğŸ¥°ğŸ‘­,warm debate,0,6,1
ğŸ‘ğŸ§¥âŒğŸ¥¶,warm debate,0,6,1
â™¨ï¸ğŸ¦¶ğŸ¦µğŸ‘ƒğŸ‘‚ğŸ–ï¸,warm debate,0,6,1
ğŸ˜ŠğŸ‘‹,warm debate,0,6,1
ğŸ‘ŠğŸ§‘â€ğŸ¤â€ğŸ§‘,warm debate,0,6,1
â˜€ï¸ğŸŒ¡ï¸ğŸ“ˆ,warm debate,0,6,1
ğŸŒ¡ï¸ğŸ—£ï¸ğŸ—£ï¸,warm room,0,6,1
ğŸ—£ï¸ğŸ”¥ğŸ—£ï¸,warm room,0,6,1
ğŸŒ¡ï¸ğŸ«‚,warm room,0,6,1
ğŸ¥µğŸ‘‹,warm room,0,6,1
ğŸ§¥,warm room,0,6,1
ğŸ¥°,warm room,0,6,1
ğŸ¥µğŸ¥¼,warm room,0,6,1
ğŸ—£ï¸ğŸ”¥ğŸ—£ï¸,warm room,0,6,1
ğŸ¥µğŸŒ¡ï¸ğŸšï¸,warm body,0,6,1
ğŸ¥µğŸ‘‹,warm body,0,6,1
ğŸŒ¤ï¸,warm body,0,6,1
ğŸŒ¤ï¸,warm body,0,6,1
ğŸ¥°,warm body,0,6,1
ğŸ§¥,warm body,0,6,1
ğŸ‘ªğŸ¥°,warm body,0,6,1
â™¨ï¸ğŸ™‚ğŸ‘¤,warm body,0,6,1
ğŸŒ¡ï¸ğŸšºğŸš¹,warm climate,0,6,1
ğŸ‘ŠğŸ§‘â€ğŸ¤â€ğŸ§‘,warm climate,0,6,1
ğŸ‘„ğŸ¤¯,warm climate,0,6,1
ğŸ‘„ğŸ¤¯,warm climate,0,6,1
ğŸ§¥,warm climate,0,6,1
ğŸ§¥,warm climate,0,6,1
ğŸŒ¡ï¸ğŸ«‚,warm climate,0,6,1
ğŸ˜ğŸ¥³,warm climate,0,6,1
ğŸ¥µğŸŒ¡ï¸ğŸšï¸,warm coat,0,6,1
ğŸ¥µğŸ¡,warm coat,0,6,1
ğŸ¥µğŸ¡,warm coat,0,6,1
ğŸŒ¡ï¸ğŸ§â€â™‚ï¸,warm coat,0,6,1
â™¨ï¸âš–ï¸,warm coat,0,6,1
ğŸ¥µ,warm coat,0,6,1
ğŸ¥µ,warm coat,0,6,1
ğŸ§ ğŸ—£ï¸ğŸ’¥,warm coat,0,6,1
ğŸ‘ğŸ§¥âŒğŸ¥¶,warm personality,0,6,1
ğŸŒ¡ï¸ğŸ¥¼,warm personality,0,6,1
ğŸ§ ğŸ—£ï¸ğŸ’¥,warm personality,0,6,1
ğŸ’¥ğŸ§ ,warm personality,0,6,1
ğŸŒ¡ï¸ğŸ—£ï¸ğŸ—£ï¸,warm personality,0,6,1
ğŸŒ¤ï¸,warm personality,0,6,1
ğŸ¤’ğŸ¥µğŸ”¥â˜€ï¸,warm personality,0,6,1
ğŸ¤’,warm personality,0,6,1
ğŸŒ¬ï¸ğŸƒğŸ‘,clear complexion,0,6,1
ğŸ¥ƒâœ¨,clear complexion,0,6,1
ğŸ’§âšª,clear complexion,0,6,1
ğŸ‘ğŸ»ğŸŒ¬ï¸,clear complexion,0,6,1
ğŸ”ğŸ¥›,clear complexion,0,6,1
ğŸ”ªâ“ğŸ”¬ğŸ’¡âœ”ï¸,clear complexion,0,6,1
ğŸ‘€ğŸ—£ï¸,clear complexion,0,6,1
ğŸ”ğŸ’¼,clear indication,0,6,1
ğŸ“‘ğŸ‘ğŸ»,clear indication,0,6,1
ğŸ’§ğŸ’§âœ¨,clear indication,0,6,1
âœ”ï¸ğŸ’¡,clear indication,0,6,1
ğŸ‘“ğŸ”âœ¨âœ¨,clear indication,0,6,1
ğŸ’¬ğŸ˜²ğŸ†—,clear indication,0,6,1
ğŸ‘ğŸ’¦ğŸ’§,clear indication,0,6,1
ğŸ“‚,clear air,0,6,1
ğŸ“¶ğŸ˜®âœ¨ğŸ‘,clear air,0,6,1
ğŸ‘©â€ğŸ«ğŸ’¯ğŸ—£ï¸,clear air,0,6,1
ğŸ¤”ğŸ’­ğŸ’¡âœ…,clear air,0,6,1
ğŸ‘“ğŸ”âœ¨âœ¨,clear air,0,6,1
ğŸ“¶ğŸ˜®âœ¨ğŸ‘,clear air,0,6,1
ğŸ•µï¸âœ‚ï¸ğŸ“œ,clear air,0,6,1
ğŸ”ğŸ—£ï¸,clear case,0,6,1
ğŸ‘ğŸ’¦ğŸ’§,clear case,0,6,1
ğŸ˜Œâœ¨âœ¨,clear case,0,6,1
âœ”ï¸âœï¸,clear case,0,6,1
ğŸŒ¬ï¸ğŸƒğŸ‘,clear case,0,6,1
ğŸ‘¨ğŸš°ğŸ¥—ğŸªâœ¨,clear case,0,6,1
ğŸŒ¬ï¸,clear case,0,6,1
âœ”ï¸ğŸ’¼,clear idea,0,6,1
ğŸ‘ğŸ’¦ğŸ’§,clear idea,0,6,1
ğŸ˜²ğŸ˜²ğŸ†—,clear idea,0,6,1
âœ”ï¸ğŸ’§,clear idea,0,6,1
ğŸŒ¬ï¸ğŸƒğŸ‘,clear idea,0,6,1
ğŸ’¨âœ¨âŒğŸ¦ ,clear idea,0,6,1
ğŸ‘ğŸ’¦ğŸ’§,clear idea,0,6,1
ğŸªŸğŸ’¼,clear explanation,0,6,1
ğŸ‘“ğŸ”âœ¨âœ¨,clear explanation,0,6,1
ğŸ‘ğŸ’¦ğŸ’§,clear explanation,0,6,1
ğŸ’§ğŸ’§ğŸ”¬âœ¨âŒğŸ¦ ,clear explanation,0,6,1
ğŸ’§ğŸ’§âœ¨,clear explanation,0,6,1
ğŸ—£ï¸ğŸ‘ğŸ»,clear explanation,0,6,1
ğŸŒ¬ï¸ğŸƒğŸ‘,clear explanation,0,6,1
ğŸ‘ğŸ»ğŸŒ¬ï¸,clear glass,0,6,1
ğŸ’¬ğŸ˜²ğŸ†—,clear glass,0,6,1
ğŸ‘€ğŸ—£ï¸,clear glass,0,6,1
âœ”ï¸âœï¸,clear glass,0,6,1
ğŸ’¬ğŸ˜²ğŸ†—,clear glass,0,6,1
ğŸ’¬âœ”ï¸âŒâ“,clear glass,0,6,1
ğŸ“œğŸ”,clear glass,0,6,1
âœ”ï¸ğŸ—£ï¸,clear water,0,6,1
ğŸ’¬ğŸ˜²ğŸ†—,clear water,0,6,1
ğŸ§ ğŸ˜²ğŸ†—,clear water,0,6,1
ğŸ•µï¸âœ‚ï¸ğŸ“œ,clear water,0,6,1
ğŸ’¬ğŸ˜²ğŸ†—,clear water,0,6,1
ğŸ•µï¸âœ‚ï¸ğŸ“œ,clear water,0,6,1
ğŸ˜²ğŸ˜²ğŸ†—,clear water,0,6,1
ğŸ”®ğŸ‘“,clear-cut evidence,0,6,1
ğŸ‘ğŸ’¦ğŸ’§,clear-cut evidence,0,6,1
ğŸƒâŒğŸš¬ğŸ§¹,clear-cut evidence,0,6,1
ğŸ¤”â”ğŸ‘¨â€ğŸ«ğŸ—£ï¸ğŸ’¡âœ…ğŸ˜€,clear-cut evidence,0,6,1
ğŸ‘“ğŸ”âœ¨âœ¨,clear-cut evidence,0,6,1
ğŸ’§ğŸ’§ğŸ”¬âœ¨âŒğŸ¦ ,clear-cut evidence,0,6,1
ğŸ‘ğŸ»ğŸŒ¬ï¸,clear-cut evidence,0,6,1
â‰ï¸â‰ï¸â“â”ğŸ¤·â€â™€ï¸ğŸ¤·ğŸ¤·â€â™‚ï¸,unclear action,0,6,1
ğŸ—£ï¸â“â‰ï¸ğŸ¤”ğŸ¤·,unclear action,0,6,1
ğŸ˜µâ€ğŸ’«ğŸ¤”,unclear action,0,6,1
ğŸ˜µâ€ğŸ’«ğŸ¤¨â“,unclear action,0,6,1
ğŸ¤·â€â™€ï¸ğŸ—£ï¸,unclear action,0,6,1
ğŸ¤·â€â™€ï¸ğŸ—£ï¸,unclear action,0,6,1
ğŸ§â“,unclear action,0,6,1
â¬ğŸ§ğŸ¤“,deep trance,0,6,1
ğŸ•³ï¸ğŸ˜®â€ğŸ’¨,deep trance,0,6,1
ğŸ˜®â€ğŸ’¨,deep trance,0,6,1
ğŸ•³ï¸ğŸ›Œ,deep trance,0,6,1
ğŸ¤¬ğŸ¤¯ğŸ˜­ğŸ˜”,deep trance,0,6,1
ğŸ—£ï¸ğŸ§â€â™‚ï¸,deep trance,0,6,1
ğŸ¤•âœ‚ï¸,deep trance,0,6,1
ğŸ”ªğŸ”ªğŸ”ª,deep trance,0,6,1
ğŸ˜µğŸ˜µğŸ˜µ,deep sigh,0,6,1
ğŸ¤”ğŸ¤”,deep sigh,0,6,1
ğŸ§ğŸ¤¯,deep sigh,0,6,1
ğŸ“–,deep sigh,0,6,1
ğŸ˜´ğŸ›Œ:zzz::zzz:,deep sigh,0,6,1
ğŸ•³ï¸ğŸ˜‹,deep sigh,0,6,1
ğŸ˜®â€ğŸ’¨,deep sigh,0,6,1
ğŸ§ğŸ‘©â€ğŸ’»âœï¸,deep sigh,0,6,1
ğŸ˜®â€ğŸ’¨,deep cut,0,6,1
ğŸ§ğŸ‘©â€ğŸ’»âœï¸,deep cut,0,6,1
ğŸ˜´ğŸ˜´ğŸ˜´,deep cut,0,6,1
ğŸ˜´ğŸ˜´:zzz::zzz:,deep cut,0,6,1
ğŸ˜µâ€ğŸ’«,deep cut,0,6,1
ğŸ˜´ğŸ˜ªğŸ›Œ,deep cut,0,6,1
ğŸ˜µ,deep cut,0,6,1
ğŸ˜­ğŸŒŠ,deep cut,0,6,1
ğŸ“–,deep voice,0,6,1
ğŸ‘ƒğŸ’¨,deep voice,0,6,1
ğŸ©¸ğŸ¤•,deep voice,0,6,1
ğŸ¤•âœ‚ï¸,deep voice,0,6,1
ğŸ§ğŸ‘©â€ğŸ’»âœï¸,deep voice,0,6,1
ğŸ•³ï¸ğŸ‘€,deep voice,0,6,1
ğŸ¤”ğŸ§,deep voice,0,6,1
ğŸ˜´ğŸ˜ªğŸ›Œ,deep voice,0,6,1
â¬ğŸ§ğŸ¤“,deep emotion,0,6,1
ğŸ˜ğŸ˜,deep emotion,0,6,1
ğŸ¤•âœ‚ï¸,deep emotion,0,6,1
ğŸ¤”ğŸ—£ï¸,deep emotion,0,6,1
â¬ğŸ§ğŸ¤“,deep emotion,0,6,1
ğŸ§˜â€â™‚ï¸,deep emotion,0,6,1
ğŸ˜µ,deep emotion,0,6,1
ğŸ˜®â€ğŸ’¨ğŸ˜¥ğŸ˜•,deep emotion,0,6,1
ğŸ—£ï¸ğŸ”ŠğŸ”½,deep concentration,0,6,1
ğŸ˜µâ€ğŸ’«ğŸ˜¶,deep concentration,0,6,1
ğŸ”ªğŸ”ªğŸ”ª,deep concentration,0,6,1
â˜ï¸ğŸ”ªğŸ©¸ğŸ©¸,deep concentration,0,6,1
â¬ğŸ˜¢ğŸ˜­,deep concentration,0,6,1
ğŸ—£ï¸,deep concentration,0,6,1
ğŸ˜®â€ğŸ’¨,deep concentration,0,6,1
ğŸ•³ï¸ğŸ˜‹,deep concentration,0,6,1
ğŸ—£ï¸ğŸ”ŠğŸ”½,deep sleep,0,6,1
ğŸ§ğŸ‘©â€ğŸ’»âœï¸,deep sleep,0,6,1
ğŸ”ªğŸ”ªğŸ”ª,deep sleep,0,6,1
ğŸ©¸ğŸ˜±ğŸ˜µğŸ”ª,deep sleep,0,6,1
ğŸ©¸ğŸ˜±ğŸ˜µğŸ”ª,deep sleep,0,6,1
ğŸ˜¤ğŸŒ¬ï¸,deep sleep,0,6,1
ğŸ˜®â€ğŸ’¨ğŸ˜®â€ğŸ’¨,deep sleep,0,6,1
ğŸ“ƒğŸ“„ğŸ¤“ğŸ˜µâ€ğŸ’«,deep sleep,0,6,1
ğŸ¤”ğŸ¤”,deep breath,0,6,1
ğŸ©¸ğŸ¤•,deep breath,0,6,1
ğŸ•³ï¸ğŸ˜®â€ğŸ’¨,deep breath,0,6,1
ğŸ¤•âœ‚ï¸,deep breath,0,6,1
ğŸ˜µâ€ğŸ’«ğŸ˜¶,deep breath,0,6,1
ğŸ•³ï¸âœ‚ï¸,deep breath,0,6,1
ğŸ—£ï¸ğŸ‘¨â€ğŸ¦³,deep breath,0,6,1
ğŸ˜´ğŸ˜ªğŸ›Œ,deep breath,0,6,1
â„ï¸ğŸ’¨,cool drink,0,6,1
ğŸ§ŠğŸ¤,cool drink,0,6,1
ğŸ˜ğŸ‘‹,cool drink,0,6,1
ğŸ¤œğŸ¤›ğŸ¤,cool drink,0,6,1
ğŸ’¨ğŸ‘¬,cool drink,0,6,1
ğŸ˜ğŸ‘‹,cool drink,0,6,1
ğŸŒ¡ï¸ğŸ¥¶ğŸ ,cool drink,0,6,1
ğŸ’¨ğŸ‘¬,cool drink,0,6,1
ğŸ†’ğŸƒ,cool relation,0,6,1
â„ï¸ğŸ’¨,cool relation,0,6,1
ğŸ’¨ğŸ›Œ,cool relation,0,6,1
ğŸ§ŠğŸ¹ğŸº,cool relation,0,6,1
ğŸ§ŠğŸ ,cool relation,0,6,1
ğŸ’¨ğŸ‘©ğŸ–¥ï¸,cool relation,0,6,1
ğŸ§ŠğŸ¾,cool relation,0,6,1
ğŸ§ŠğŸ ,cool relation,0,6,1
ğŸ’¨ğŸ‘¬,cool reception,0,6,1
ğŸ§ŠğŸ ,cool reception,0,6,1
â„ï¸ğŸ’¨,cool reception,0,6,1
ğŸ§ŠğŸ ,cool reception,0,6,1
ğŸ†’ğŸ‘«,cool reception,0,6,1
â„ï¸ğŸ’¨,cool reception,0,6,1
ğŸ§ŠğŸŒ¬ï¸ğŸ’¨,cool reception,0,6,1
ğŸŒ¡ï¸ğŸ¥¶ğŸ ,cool reception,0,6,1
ğŸ†’ğŸ§‘â€ğŸ¤â€ğŸ§‘,cool room,0,6,1
ğŸ’¨ğŸ‘©ğŸ–¥ï¸,cool room,0,6,1
ğŸ†’ğŸ¨ğŸ›ï¸â˜ï¸,cool room,0,6,1
ğŸ§â€â™€ï¸ğŸ™ï¸â˜ï¸,cool room,0,6,1
ğŸ†’ğŸ¥¤,cool room,0,6,1
ğŸ†’ğŸ‘«,cool room,0,6,1
ğŸ’¨ğŸ‘¬,cool room,0,6,1
ğŸ’¨ğŸ¥¤,cool room,0,6,1
ğŸ¤œğŸ¤›ğŸ¤,cool breeze,0,6,1
ğŸ†’ğŸ ,cool breeze,0,6,1
ğŸ˜ğŸ‘‹,cool breeze,0,6,1
ğŸ˜ğŸ‘‹,cool breeze,0,6,1
ğŸ†’ğŸ›‹ï¸,cool breeze,0,6,1
ğŸ§â€â™€ï¸ğŸ™ï¸â˜ï¸,cool breeze,0,6,1
ğŸ†’ğŸ’,cool breeze,0,6,1
ğŸ§ŠğŸ§â€â™‚ï¸ğŸ§â€â™€ï¸,cool breeze,0,6,1
ğŸ¤·ğŸšˆğŸ“‹,inadequate income,0,6,1
ğŸ¤µğŸ¤µâ€â™‚ï¸âŒ,inadequate income,0,6,1
âŒğŸ§‘â€ğŸ«,inadequate income,0,6,1
âŒğŸ’,inadequate income,0,6,1
ğŸ”»ğŸ‘©â€ğŸ’¼ğŸ‘¨â€ğŸ’¼,inadequate income,0,6,1
âš ï¸ğŸƒâ€â™€ï¸ğŸ’ªğŸ‹ï¸,inadequate income,0,6,1
âŒğŸ¤µ,inadequate income,0,6,1
âŒğŸ§‘â€ğŸ«,inadequate income,0,6,1
âš ï¸ğŸ§‘â€ğŸ«ğŸ‘©â€ğŸ«ğŸ‘¨â€ğŸ«,inadequate training,0,6,1
ğŸ˜ğŸ’°,inadequate training,0,6,1
âš ï¸ğŸ§‘â€ğŸ«ğŸ‘©â€ğŸ«ğŸ‘¨â€ğŸ«,inadequate training,0,6,1
ğŸ¤ğŸ‘¬ğŸ§‘â€ğŸ¤â€ğŸ§‘,inadequate training,0,6,1
ğŸ”»ğŸ‘©â€ğŸ’¼ğŸ‘¨â€ğŸ’¼,inadequate training,0,6,1
âŒğŸ’°ğŸ‘›,inadequate training,0,6,1
ğŸ¤ğŸ’µ,inadequate training,0,6,1
ğŸ¤·ğŸ’¸ğŸ˜ï¸,inadequate training,0,6,1
âŒğŸ§‘â€ğŸ«,inadequate staff,0,6,1
ğŸ‘ğŸ‹ï¸â€â™€ï¸,inadequate staff,0,6,1
ğŸ‘ğŸ‹ï¸â€â™€ï¸,inadequate staff,0,6,1
ğŸ“‰ğŸ’°,inadequate staff,0,6,1
ğŸ¤ğŸ’µ,inadequate staff,0,6,1
ğŸ¤·ğŸ’¸ğŸ˜ï¸,inadequate staff,0,6,1
ğŸ¤µğŸ¤µâ€â™‚ï¸âŒ,inadequate staff,0,6,1
âŒğŸ§‘â€ğŸ«,inadequate staff,0,6,1
ğŸ‘ğŸ”¦,idyllic life,0,6,1
âœ¨ğŸï¸,idyllic life,0,6,1
ğŸ˜ƒğŸ•¶ï¸ğŸŒ´,idyllic life,0,6,1
ğŸ˜ğŸŒ¥ï¸ğŸ±ğŸ•ï¸,idyllic life,0,6,1
ğŸ‰ğŸ™ŒğŸ’¯ğŸ–ï¸,idyllic life,0,6,1
ğŸ‘©ğŸŒ´ğŸ§‰,idyllic life,0,6,1
ğŸ˜ƒğŸ•¶ï¸ğŸŒ´,idyllic life,0,6,1
ğŸ˜ƒğŸ•¶ï¸ğŸŒ´,idyllic life,0,6,1
ğŸ˜ğŸ¡ğŸ›Œ,idyllic spot,0,6,1
ğŸ‰ğŸ™ŒğŸ’¯ğŸ‘¨â€ğŸ‘©â€ğŸ‘§â€ğŸ‘¦,idyllic spot,0,6,1
ğŸ‘©ğŸ¥±ğŸ˜´,idyllic spot,0,6,1
ğŸ‰ğŸ™ŒğŸ’¯ğŸ‘¨â€ğŸ‘©â€ğŸ‘§â€ğŸ‘¦,idyllic spot,0,6,1
ğŸ§–â€â™€ï¸ğŸ’†â€â™‚ï¸ğŸ§–â€â™‚ï¸ğŸ˜‡,idyllic spot,0,6,1
ğŸ‘©ğŸ¥±ğŸ˜´,idyllic spot,0,6,1
ğŸ’ğŸ’â€â™€ï¸ğŸ‘œğŸ’¸,idyllic spot,0,6,1
ğŸ’ğŸ’â€â™€ï¸ğŸ‘œğŸ’¸,idyllic spot,0,6,1
ğŸ¡ğŸ¥°ğŸ¼ğŸ‘¶ğŸ’°,domestic worry,0,6,1
ğŸ ğŸ§¹,domestic worry,0,6,1
ğŸ ğŸ•,domestic worry,0,6,1
ğŸ ğŸ„ğŸğŸ¦®ğŸ”ğŸ ,domestic worry,0,6,1
ğŸ ğŸ˜ƒ,domestic worry,0,6,1
ğŸ ğŸ§¹,domestic worry,0,6,1
ğŸ ğŸ˜„,domestic worry,0,6,1
ğŸ‘§ğŸ˜ğŸ˜‚,domestic worry,0,6,1
ğŸ ğŸ™â€â™€ï¸,domestic happiness,0,6,1
ğŸ ğŸ§¹,domestic happiness,0,6,1
ğŸ ğŸ¥º,domestic happiness,0,6,1
ğŸ˜ŸğŸšï¸ğŸ’¸ğŸ¥£ğŸ‘¶,domestic happiness,0,6,1
ğŸ ğŸ§¹,domestic happiness,0,6,1
ğŸ ğŸ¶ğŸ±,domestic happiness,0,6,1
ğŸ˜ŸğŸšï¸ğŸ’¸ğŸ¥£ğŸ‘¶,domestic happiness,0,6,1
ğŸ¶ğŸ±ğŸ°,domestic happiness,0,6,1
ğŸ˜ŸğŸšï¸ğŸ’¸ğŸ¥£ğŸ‘¶,domestic chore,0,6,1
ğŸ‘§ğŸ˜ŸğŸ˜°,domestic chore,0,6,1
ğŸ ğŸ¥°,domestic chore,0,6,1
ğŸ ğŸ¶ğŸ±ğŸ˜,domestic chore,0,6,1
ğŸ ğŸ¥º,domestic chore,0,6,1
ğŸ˜ŸğŸšï¸ğŸ’¸ğŸ¥£ğŸ‘¶,domestic chore,0,6,1
ğŸ¡ğŸ¥ºğŸ˜Ÿ,domestic chore,0,6,1
ğŸ ğŸ™â€â™€ï¸,domestic chore,0,6,1
ğŸ˜¤ğŸ§¹ğŸ§½ğŸ—‘ï¸,domestic animal,0,6,1
ğŸ ğŸ¥°,domestic animal,0,6,1
ğŸ ğŸ™â€â™€ï¸,domestic animal,0,6,1
ğŸ ğŸ™â€â™€ï¸,domestic animal,0,6,1
ğŸ˜€ğŸ˜ƒğŸ˜„,domestic animal,0,6,1
ğŸ˜€ğŸ˜ƒğŸ˜„,domestic animal,0,6,1
ğŸ§¹ğŸ§¼ğŸ§´ğŸ˜·,domestic animal,0,6,1
ğŸ âŒ¨ï¸,domestic animal,0,6,1
ğŸ“ğŸ§ª,intelligent question,0,6,1
ğŸ¤“ğŸ”,intelligent question,0,6,1
ğŸ§ â—â—,intelligent question,0,6,1
ğŸ§ â—â—,intelligent question,0,6,1
ğŸ“ğŸ§ª,intelligent question,0,6,1
ğŸ¤“ğŸ”,intelligent question,0,6,1
ğŸ’¡âœ…,intelligent question,0,6,1
ğŸ§ ğŸ’¡,intelligent question,0,6,1
ğŸ™‹ğŸ§ ğŸ’­ğŸ§‘â€ğŸ“,intelligent life,0,6,1
ğŸ¤“ğŸ’¡,intelligent life,0,6,1
ğŸ™‹ğŸ§ ğŸ’­ğŸ§‘â€ğŸ“,intelligent life,0,6,1
ğŸ’¡âœ…,intelligent life,0,6,1
ğŸ’¡âœ…,intelligent life,0,6,1
ğŸ§ â—â—,intelligent life,0,6,1
ğŸ§ â“ğŸ’¬,intelligent life,0,6,1
ğŸ‘¨â€ğŸ“â“,intelligent life,0,6,1
ğŸ§â“,intelligent solution,0,6,1
ğŸ¤“ğŸ¶ğŸ¦ŠğŸ»ğŸ¦‘ğŸŒ³ğŸ³ğŸ¤“,intelligent solution,0,6,1
ğŸ¤–ğŸ¾,intelligent solution,0,6,1
ğŸ§‘â€ğŸ“ğŸ¤“,intelligent solution,0,6,1
ğŸ§ ğŸ¤”,intelligent solution,0,6,1
ğŸ§â“,intelligent solution,0,6,1
ğŸ¤”ğŸ¤“â“,intelligent solution,0,6,1
ğŸ‘ğŸ‘¨â€ğŸ«,intelligent solution,0,6,1
ğŸ”‚ğŸ˜–,constant lover,0,6,1
ğŸ¦´ğŸ”¨ğŸ§‘â€ğŸ¦½â³ğŸ˜­,constant lover,0,6,1
ğŸ”‚ğŸ˜–,constant lover,0,6,1
ğŸ¦´ğŸ”¨ğŸ§‘â€ğŸ¦½â³ğŸ˜­,constant lover,0,6,1
â³ğŸ˜£ğŸ¤•,constant lover,0,6,1
ğŸ˜¥ğŸ’‰ğŸ¤•,constant lover,0,6,1
â³ğŸ˜£ğŸ¤•,constant lover,0,6,1
ğŸ¤•ğŸ§‘â€âš•ï¸,constant lover,0,6,1
ğŸ’˜ğŸ‘©â€â¤ï¸â€ğŸ‘¨ğŸ”ƒ,constant pain,0,6,1
ğŸ™â€â™€ï¸â¤ï¸ğŸ™â€â™‚ï¸â™¾ï¸,constant pain,0,6,1
ğŸ’ğŸ‘°â€â™‚ï¸ğŸ‘°â€â™€ï¸ğŸ¤µâ€â™‚ï¸ğŸ’‘,constant pain,0,6,1
ğŸ’˜ğŸ‘©â€â¤ï¸â€ğŸ‘¨ğŸ”ƒ,constant pain,0,6,1
ğŸ•°ï¸:zzz:ğŸ«‚,constant pain,0,6,1
ğŸ’ğŸ‘°â€â™‚ï¸ğŸ‘°â€â™€ï¸ğŸ¤µâ€â™‚ï¸ğŸ’‘,constant pain,0,6,1
ğŸ‘¬ğŸ‘¨â€â¤ï¸â€ğŸ’‹â€ğŸ‘¨â³âŒ›ğŸ’ğŸ‘¨â€ğŸ¦³ğŸ‘¨â€ğŸ¦³,constant pain,0,6,1
ğŸ•°ï¸:zzz:ğŸ«‚,constant pain,0,6,1
ğŸ§¬â˜®ï¸,internal organ,0,6,1
ğŸ“²ğŸ•¹ï¸ğŸ‘©â€ğŸ’»,internal organ,0,6,1
ğŸ’­ğŸ’­,internal organ,0,6,1
ğŸ¦¿ğŸ‘©â€ğŸ”§,internal organ,0,6,1
âš™ï¸âš™ï¸âš™ï¸,internal organ,0,6,1
ğŸ¤“ğŸ§ ,internal organ,0,6,1
ğŸ“²ğŸ•¹ï¸ğŸ‘©â€ğŸ’»,internal organ,0,6,1
ğŸ”ƒâš™ï¸,internal organ,0,6,1
ğŸ§¬âš™ï¸,internal sense,0,6,1
ğŸ“²ğŸ•¹ï¸ğŸ‘©â€ğŸ’»,internal sense,0,6,1
ğŸ¦¿ğŸ‘©â€ğŸ”§,internal sense,0,6,1
ğŸ‘¨â€ğŸ’¼ğŸ‘ˆğŸ§ ğŸ«€ğŸ«,internal sense,0,6,1
ğŸ§¬âš™ï¸,internal sense,0,6,1
ğŸ§ ğŸ‘¨â€âš•ï¸ğŸ©º,internal sense,0,6,1
ğŸ“²ğŸ•¹ï¸ğŸ‘©â€ğŸ’»,internal sense,0,6,1
ğŸ¦¿ğŸ‘©â€ğŸ”§,internal sense,0,6,1
ğŸ§ ğŸ‘€ğŸ«€,internal mechanism,0,6,1
ğŸ§ ğŸ‘¨â€âš•ï¸ğŸ©º,internal mechanism,0,6,1
ğŸ«€ğŸ«,internal mechanism,0,6,1
ğŸ«€ğŸ§ ğŸ«,internal mechanism,0,6,1
ğŸ§ ğŸ‘€ğŸ«€,internal mechanism,0,6,1
ğŸ§˜â€â™€ï¸,internal mechanism,0,6,1
ğŸ‘¨â€ğŸ’¼ğŸ‘ˆğŸ§ ğŸ«€ğŸ«,internal mechanism,0,6,1
ğŸ‘‰ğŸ‘€ğŸ‘ˆ,internal mechanism,0,6,1
â˜€ï¸ğŸ™‹ğŸ»â€â™€ï¸,dry paint,0,6,1
ğŸœï¸ğŸ¥³,dry paint,0,6,1
â™¨ï¸ğŸŒ‡,dry paint,0,6,1
ğŸœï¸ğŸ—£ï¸,dry paint,0,6,1
â™¨ï¸ğŸŒğŸŒ¡ï¸,dry paint,0,6,1
ğŸš±ğŸœï¸ğŸŒµ,dry paint,0,6,1
ğŸï¸ğŸ™ï¸â˜€ï¸,dry paint,0,6,1
ğŸŒªï¸ğŸï¸,dry paint,0,6,1
ğŸŒµğŸ¥µğŸ¥µğŸ¥µğŸ¥µ,dry land,0,6,1
â˜€ï¸ğŸ™‹ğŸ»â€â™€ï¸,dry land,0,6,1
ğŸ˜©ğŸ™„âœğŸ»ğŸ“,dry land,0,6,1
ğŸœï¸ğŸ¥³,dry land,0,6,1
ğŸŒµğŸ¥µğŸ¥µğŸ¥µğŸ¥µ,dry land,0,6,1
ğŸ™‹ğŸ˜‘ğŸ˜‘ğŸ˜‘,dry land,0,6,1
â™¨ï¸ğŸŒğŸŒ¡ï¸,dry land,0,6,1
â™¨ï¸ğŸŒğŸŒ¡ï¸,dry land,0,6,1
âŒğŸ’¦ğŸ¨,dry critique,0,6,1
â™¨ï¸ğŸŒ‡,dry critique,0,6,1
âŒğŸ’¦ğŸ¨,dry critique,0,6,1
ğŸŒµğŸ¥µğŸ¥µğŸ¥µğŸ¥µ,dry critique,0,6,1
ğŸ‘‹ğŸ™„,dry critique,0,6,1
ğŸ–Œï¸ğŸ™…ğŸ’¦,dry critique,0,6,1
ğŸ–Œï¸ğŸ™…ğŸ’¦,dry critique,0,6,1
ğŸŒªï¸ğŸ¨,dry critique,0,6,1
ğŸ–Œï¸ğŸ™…ğŸ’¦,dry greeting,0,6,1
ğŸ¥µğŸœï¸ğŸš«ğŸ†’,dry greeting,0,6,1
â›±ï¸ğŸï¸,dry greeting,0,6,1
â˜€ï¸â˜€ï¸â˜€ï¸ğŸ¥µ,dry greeting,0,6,1
ğŸ˜©ğŸ™„âœğŸ»ğŸ“,dry greeting,0,6,1
ğŸŒµğŸŒ¡ï¸,dry greeting,0,6,1
ğŸœï¸,dry greeting,0,6,1
ğŸ–Œï¸ğŸ™…ğŸ’¦,dry greeting,0,6,1
â˜€ï¸ğŸ¤¬,dry climate,0,6,1
ğŸœï¸ğŸï¸,dry climate,0,6,1
ğŸ˜©ğŸ™„âœğŸ»ğŸ“,dry climate,0,6,1
ğŸ™â€â™‚ï¸ğŸ—£ï¸ğŸ’¬,dry climate,0,6,1
ğŸœï¸ğŸ¥³,dry climate,0,6,1
ğŸ˜©ğŸ™„âœğŸ»ğŸ“,dry climate,0,6,1
ğŸŒ¬ï¸ğŸ’…,dry climate,0,6,1
â˜€ï¸ğŸ¨,dry climate,0,6,1
âœˆï¸ğŸï¸,foreign accent,0,6,1
â“â“ğŸŒ†,foreign accent,0,6,1
âœˆï¸ğŸï¸,foreign accent,0,6,1
ğŸ‡»ğŸ‡ªğŸ‡²ğŸ‡ªğŸ‡²ğŸ‡²ğŸ‡ºğŸ‡³,foreign accent,0,6,1
âœˆï¸ğŸ—ºï¸,foreign accent,0,6,1
ğŸ‘½ğŸ™ï¸,foreign accent,0,6,1
ğŸ‘½ğŸ™ï¸,foreign accent,0,6,1
ğŸ‘½ğŸ™ï¸,foreign accent,0,6,1
ğŸ”ŠğŸ¤”â“â“,foreign nation,0,6,1
âœˆï¸ğŸ—£ï¸ğŸ‘‚,foreign nation,0,6,1
ğŸ‘½ğŸ™ï¸,foreign nation,0,6,1
ğŸ‡¨ğŸ‡¿ğŸ‡¬ğŸ‡ªğŸ‡¬ğŸ‡­,foreign nation,0,6,1
ğŸ‡¨ğŸ‡¿ğŸ‡¬ğŸ‡ªğŸ‡¬ğŸ‡­,foreign nation,0,6,1
ğŸ”ŠğŸ¤”â“â“,foreign nation,0,6,1
ğŸ”ŠğŸ¤”â“â“,foreign nation,0,6,1
ğŸ‡¨ğŸ‡¿ğŸ‡¬ğŸ‡ªğŸ‡¬ğŸ‡­,foreign nation,0,6,1
ğŸ”ŠğŸ¤”â“â“,foreign city,0,6,1
âœˆï¸ğŸ—£ï¸ğŸ‘‚,foreign city,0,6,1
ğŸ§³ğŸ‡®ğŸ‡´ğŸ‡§ğŸ‡¦ğŸ‡¬ğŸ‡¾ğŸ‡¬ğŸ‡¶ğŸŒğŸ‡¬ğŸ‡ª,foreign city,0,6,1
âœˆï¸ğŸ—£ï¸ğŸ‘‚,foreign city,0,6,1
ğŸŒğŸ‡¬ğŸ‡§,foreign city,0,6,1
ğŸ”ŠğŸ¤”â“â“,foreign city,0,6,1
ğŸ‡«ğŸ‡·ğŸ‡¯ğŸ‡µğŸ‘©â€ğŸ¦±,foreign city,0,6,1
ğŸ—£ï¸ğŸ¤·â€â™€ï¸,foreign city,0,6,1
âŒğŸŒ¶ï¸ğŸ‘…,delicate china,0,6,1
ğŸ‘…ğŸ¤”,delicate china,0,6,1
âŒğŸ’ªğŸ»ğŸ¦‹,delicate china,0,6,1
âŒğŸ’ªğŸ»ğŸ¦‹,delicate china,0,6,1
âš ï¸ğŸ“¦ğŸ—£ï¸ğŸ’¬,delicate china,0,6,1
âš ï¸ğŸ“¦ğŸ˜‹,delicate china,0,6,1
âš ï¸ğŸ“¦ğŸ˜‹,delicate china,0,6,1
âŒğŸ’ªğŸ»ğŸ¦‹,delicate china,0,6,1
ğŸ˜‹ğŸ‘,delicate wing,0,6,1
ğŸ§˜ğŸ•Šï¸â˜®ï¸ğŸ—£ï¸,delicate wing,0,6,1
âš ï¸ğŸ“¦ğŸ—£ï¸ğŸ’¬,delicate wing,0,6,1
ğŸ˜‹ğŸ¤”,delicate wing,0,6,1
ğŸ§˜ğŸ•Šï¸â˜®ï¸ğŸ—£ï¸,delicate wing,0,6,1
ğŸ«–ğŸ½ï¸ğŸ‡¨ğŸ‡³,delicate wing,0,6,1
ğŸ§˜ğŸ•Šï¸â˜®ï¸ğŸ—£ï¸,delicate wing,0,6,1
ğŸ—£ï¸ğŸ˜ƒ,delicate wing,0,6,1
â—ğŸ‡¨ğŸ‡³,delicate negotiation,0,6,1
ğŸ’ğŸœ,delicate negotiation,0,6,1
âŒğŸ’ªğŸ»ğŸ‡¨ğŸ‡³â˜•,delicate negotiation,0,6,1
âŒğŸŒ¶ï¸ğŸ‘…,delicate negotiation,0,6,1
ğŸŒ¬ï¸ğŸª¡ğŸš£,delicate negotiation,0,6,1
âŒğŸ’ªğŸ»ğŸ‡¨ğŸ‡³â˜•,delicate negotiation,0,6,1
ğŸ‘…ğŸ¤”,delicate negotiation,0,6,1
ğŸ½ï¸ğŸ™Œ,delicate negotiation,0,6,1
ğŸ›‘ğŸ,delicate flavor,0,6,1
ğŸ§˜ğŸ•Šï¸â˜®ï¸ğŸ—£ï¸,delicate flavor,0,6,1
ğŸ‡¨ğŸ‡³ğŸ˜ğŸ‘,delicate flavor,0,6,1
ğŸ¤”ğŸ‘¥,delicate flavor,0,6,1
ğŸ¤”ğŸ•Šï¸,delicate flavor,0,6,1
ğŸ—£ï¸ğŸ˜ƒ,delicate flavor,0,6,1
âš ï¸ğŸ“¦ğŸ£,delicate flavor,0,6,1
ğŸ£ğŸ’¸,delicate flavor,0,6,1
ğŸ‘¦ğŸ—£ï¸ğŸ‘©ğŸ¤”ğŸ‘,sound explanation,0,6,1
ğŸ¤”,sound explanation,0,6,1
ğŸ‘ğŸ»ğŸ™ï¸ğŸ—£ï¸,sound explanation,0,6,1
ğŸ‘â©,sound explanation,0,6,1
ğŸ‘âœï¸ğŸ“‘,sound explanation,0,6,1
ğŸ”ŠğŸš¶,sound explanation,0,6,1
ğŸ‘¦ğŸ—£ï¸ğŸ‘©ğŸ¤”ğŸ‘,sound explanation,0,6,1
ğŸ‘¦ğŸ”ğŸ“,sound explanation,0,6,1
ğŸ‘¦ğŸ”ğŸ“,sound explanation,0,6,1
ğŸ˜µâ€ğŸ’«,sound approach,0,6,1
ğŸ”ˆğŸ—‘ï¸ğŸš®,sound approach,0,6,1
ğŸ‘ğŸ§â€â™€ï¸,sound approach,0,6,1
ğŸ‘‚ğŸ—‘ï¸,sound approach,0,6,1
ğŸ‘ğŸ—£ï¸,sound approach,0,6,1
ğŸ§‘â€ğŸ«ğŸ—£ï¸,sound approach,0,6,1
ğŸ™‹ğŸ§â€â™€ï¸ğŸ‘,sound approach,0,6,1
ğŸ”ˆğŸ—‘ï¸ğŸš®,sound approach,0,6,1
ğŸ”ŠğŸ—£ï¸,sound approach,0,6,1
ğŸ‘‚ğŸ’¬,sound thrashing,0,6,1
ğŸ‘‚ğŸ“‹,sound thrashing,0,6,1
ğŸ‘ğŸ»ğŸ™ï¸ğŸ—£ï¸,sound thrashing,0,6,1
ğŸ§ ğŸ”ŠğŸš¶,sound thrashing,0,6,1
ğŸ‘‚ğŸ“‹,sound thrashing,0,6,1
ğŸ—£ï¸ğŸ§â€â™‚ï¸ğŸ’¯,sound thrashing,0,6,1
ğŸ™‹ğŸ§â€â™€ï¸ğŸ‘,sound thrashing,0,6,1
ğŸ‘‚ğŸ“‹,sound thrashing,0,6,1
ğŸ§ ğŸ”ŠğŸš¶,sound thrashing,0,6,1
ğŸ˜µâ€ğŸ’«,sound advice,0,6,1
ğŸ”ˆğŸ—‘ï¸ğŸš®,sound advice,0,6,1
ğŸ”ˆğŸ—‘ï¸ğŸš®,sound advice,0,6,1
ğŸ”ŠğŸ¥Š,sound advice,0,6,1
ğŸ”ˆğŸ—‘ï¸ğŸš®,sound advice,0,6,1
ğŸ‘‚ğŸ“‹,sound advice,0,6,1
ğŸ¤”ğŸ§ ğŸ”ŠğŸ—£ï¸â˜ºï¸ğŸ‘,sound advice,0,6,1
ğŸ¤”ğŸ§ ğŸ—£ï¸ğŸ™‚ğŸ†—,sound advice,0,6,1
ğŸ—£ï¸ğŸ§â€â™€ï¸,sound advice,0,6,1